request_word,request_lang,request_pos,request_ipa,request_ipa_formatted,request_word_en,response_word,response_lang,response_pos,response_ipa,response_ipa_formatted,response_word_en
ケーブル,ja,adjective,/keːbɯɾɯ/,øuu,cable,게스트,ko,noun,/ke̞sʰɯtʰɯ/,øuu,guest
케이블,ko,adjective,/kʰe̞ibɯɭ/,øyu,cable,ＡＩＤＳ,ja,noun,/eizɯ/,øyu,AIDS
电缆,zh-cn,adjective,/tjɛn˥˩ lan˨˩˦/,œnɶn,cable,aman,ro,verb,/aman/,ɶnɶn,put off
刮风,zh-cn,noun,/kwa˥˥ fɤŋ˥˥/,ɶon,Wind,가공,ko,verb,/ka̠ɡo̞ŋ/,ɶon,Processing
venta,eo,noun,/venta/,ønɶ,windy,bienal,es,noun,/bjenal/,ønɶ,biennial
windig,de,noun,/ˈvɪndɪç/,ʏnʏ,windy,binegar,en,noun,/ˈbɪnɪɡɝ/,ʏnʏ,binegar
windy,en,noun,/ˈwaɪndi/,ɶʏny,windy,dahinziehst,de,noun,/daˈhɪnˌtsiːst/,ɶʏny,pull on
berangin,id,noun,/bəraŋin/,əɶnyn,windy,即时通讯,zh-cn,adjective,/tɕi˧˥ ʂɚ˧˥ tʰʊŋ˥˥ ɕyn˥˩/,yʊnyn,Instant messaging
Neigung,de,adjective,/ˈnəɪgʊŋ/,nəʏʊn,Tilt,买通,zh-cn,verb,/maɪ˨˩˦ tʰʊŋ˥˥/,nɶʏʊn,buy
裸,ja,adjective,/hadaka/,ɶɶɶ,naked,가다가,ko,verb,/ka̠da̠ɡa̠/,ɶɶɶ,Go
Dukaten,de,noun,/ˈduːkɑtən/,uɒən,Ducats,adoption,en,noun,/əˈdɑpʃən/,əɒən,adoption
금화,ko,noun,/kɯmβwa̠/,unɶ,goldfinch,司马,zh-cn,noun,/sɯ˥˥ ma˨˩˦/,unɶ,Sima
hutang,id,noun,/hutaŋ/,uɶn,debt,구간,ko,noun,/kuɡa̠n/,uɶn,section
帰国,ja,noun,/kikokɯ/,you,Returning home,birouri,ro,noun,/birourʲ/,you,office
债务,zh-cn,noun,/ʈʂaɪ˥˩ u˥˩/,ɶʏu,debt,baiul,en,noun,/ˌbaɪˈuɫ/,ɶʏu,baiul
denting,id,noun,/dəntiŋ/,ənyn,Delting,amin,ro,noun,/amin/,ɶnyn,Amen
tinggi,id,noun,/tiŋgi/,yny,high,biniș,ro,noun,/biniʃ/,yny,Binis
높은,ko,noun,/no̞pʰɯn/,noun,High,factotum,ro,noun,/faktotum/,ɶoun,factotum
kebisingan,id,noun,/kəbisiŋan/,əyynɶn,noise,乐而忘返,zh-cn,noun,/lɤ˥˩ aɻ˧˥ wɑŋ˥˩ fan˨˩˦/,oɶɒnɶn,Be happy
소음,ko,noun,/sʰo̞ɯm/,oun,noise,bolund,ro,noun,/bolund/,oun,Bolund.
ノイズ,ja,noun,/noizɯ/,noyu,noise,Notizbuch,de,noun,/noˈtiːtsˌbuːχ/,noyu,Notebook
噪音,zh-cn,noun,/tsɑʊ˥˩ ɪn˥˥/,ɒʊʏn,noise,alluring,en,verb,/əˈɫʊɹɪŋ/,əʊʏn,alluring
noise,en,noun,/ˈnɔɪz/,nɔʏ,noise,knochig,de,noun,/ˈknɔxɪç/,nɔʏ,bony
急上昇,ja,noun,/kjɯɯdʑoɯɕoɯ/,uuouou,Sudden rise,레이더스코프,ko,noun,/ɾe̞idʌ̹sʰɯkʰo̞pʰɯ/,øyɔuou,Radar scope
schlürfen,de,noun,/ˈʃlʏɾfən/,ʏən,slurp,arisen,en,noun,/ɝˈɪzən/,ʏən,arisen
mencucup,id,noun,/məntʃutʃup/,nənuu,slurp,１０進数,ja,noun,/dʑiɕːiɴsɯɯ/,yynuu,Decimal
啜る,ja,noun,/sɯsɯɾɯ/,uuu,sip,tururú,es,noun,/tuɾuˈɾu/,uuu,Tourhood
샐비어,ko,noun,/sʰɛ̝ɭbiʌ̹/,œyɔ,sage,carryforward,en,noun,/ˈkɛɹiˌfɔɹwɝd/,œyɔ,carryforward
賢者,ja,noun,/keɴɕa/,ønɶ,Sage,dehnbar,de,noun,/denˈbaɽ/,ønɶ,stretchy
칭찬,ko,noun,/t͡ɕʰiŋt͡ɕʰa̠n/,ynɶn,compliment,aman,id,noun,/aman/,ɶnɶn,secure
ペンネ,ja,noun,/peɴne/,ønnø,Penne,doamne,ro,noun,/dŏamne/,ɶnnø,gosh
通心粉,zh-cn,noun,/tʰʊŋ˥˥ ɕɪn˥˥ fən˨˩˦/,ʊnʏnən,pasta,melempem,id,adjective,/mələmpəm/,nəənən,sluggish
gumpalan,id,noun,/gumpalan/,unɶɶn,Clump,가을바람,ko,noun,/ka̠ɯɭba̠ɾa̠m/,ɶuɶɶn,Autumn wind
ウルトラ,ja,adjective,/ɯɾɯtoɾa/,uuoɶ,Ultra,autograf,id,noun,/autograf/,ɶuoɶ,Autograf.
극단론자,ko,adjective,/kɯk̚t͈a̠ɭɭo̞nd͡ʑa̠/,uɶonɶ,extremist,abnormal,id,adjective,/abnormal/,ɶnonɶ,abnormal
Tönung,de,noun,/ˈtøːnʊŋ/,ønʊn,tint,上空,zh-cn,noun,/ʂɑŋ˥˩ kʰʊŋ˥˥/,ɒnʊn,Overhead
엉덩이,ko,noun,/ˈɘːŋdʌ̹ŋi/,ɘnɔny,hip,bohnomie,en,noun,/ˈbɔnɔˌmi/,ɔnɔny,bonhomie
区間,ja,noun,/kɯkaɴ/,uɶn,section,bufan,es,noun,/bufan/,uɶn,Bufan.
낙서,ko,noun,/na̠ks͈ʌ̹/,nɶɔ,Doodle,Knallfrosch,de,noun,/ˈknallfɾɔʃ/,nɶɔ,Bangfrog
죄송합니다,ko,noun,/t͡ɕø̞sʰo̞ŋɦa̠mnida̠/,øonɶnnyɶ,Sorry,Atompotential,de,adjective,/ʔɑtɔmpotɛntial/,ɒɔnoœnyɶ,Atompotential
頼りになる,ja,noun,/tajoɾininaɾɯ/,ɶoynynɶu,rely on,민주 공화국,ko,adjective,/mind͡ʑu ko̞ŋβwa̠ɡuk̚/,nynuonɶu,Democratic Republic
엉덩이,ko,noun,/ˈɘːŋdʌ̹ŋi/,ɘnɔny,hip,abmontierst,de,verb,/ˈʔapmɔnˈtiːɾst/,ɶnɔny,remember
keledai,id,noun,/kələdai/,əəɶy,donkey,Hexerei,de,noun,/hɛksəˈʁai/,œəɶy,witchcraft
ちゃんちゃん,ja,noun,/tɕaɴtɕaɴ/,ɶnɶn,Chan,Osman,eo,noun,/osman/,onɶn,Osman
bagel,en,noun,/ˈbeɪɡəɫ/,øʏə,bagel,böige,de,noun,/ˈbøɪgə/,øʏə,greasy
閃光,ja,noun,/seɴkoɯ/,ønou,flash,고모부,ko,noun,/ko̞mo̞bu/,onou,Uncle
verwöhnen,de,noun,/fɛːɐ̯ˈvønən/,œɐønən,spoil,不计成本,zh-cn,adjective,/pu˧˥ tɕi˥˩ ʈʂʰɤŋ˧˥ pən˨˩˦/,uyonən,Unite cost
memanjakan,id,noun,/məmandʒakan/,nənɶnɶɶn,pampering,ケサランパサラン,ja,noun,/kesaɾaɴpasaɾaɴ/,øɶɶnɶɶɶn,Kesaranpasan
赃物,zh-cn,noun,/tsɑŋ˥˥ u˥˩/,ɒnu,swag,amour,en,noun,/ˌɑˈmuɹ/,ɒnu,amour
腐敗,ja,noun,/ɸɯhai/,uɶy,corruption,fuŝpalpi,eo,noun,/fuʃpalpi/,uɶy,fascinate
スパーク,ja,noun,/sɯpaːkɯ/,uɶu,spark,uvaduz,es,noun,/uβaðuθ/,uɶu,Uvaduz.
kamal,en,noun,/ˈkeɪməɫ/,øʏnə,kamal,abbinde,de,verb,/ˈʔapˌbɪndə/,ɶʏnə,embedding
釣り合う,ja,noun,/tsɯɾiaɯ/,uyɶu,balance,berbiau,id,noun,/bərbiau/,əyɶu,Thank you
嚢胞,ja,noun,/noɯhoɯ/,nouou,Cyst,absolutoriu,ro,noun,/apsolutorju/,ɶouou,absolute
Zysten,de,noun,/ˈtsʏstən/,ʏən,Cyst,arisen,en,noun,/ɝˈɪzən/,ʏən,arisen
익히다,ko,noun,/ikçida̠/,yyɶ,to cook,戏剧化,zh-cn,noun,/ɕi˥˩ tɕy˥˩ xwa˥˩/,yyɶ,Drama
拝み倒す,ja,noun,/ogamitaosɯ/,oɶnyɶou,Worship,cominatoriu,ro,noun,/kominatorju/,onynɶou,payment
aufgenommen,de,noun,/ʔaofgəˈnɔmmən/,ɶoənɔnnən,recorded,倒锁上门,zh-cn,verb,/tɑʊ˥˩ suɔ˨˩˦ ʂɑŋ˥˩ mən˧˥/,ɒʊuɔɒnnən,Inverted the door
신음,ko,noun,/ɕʰinɯm/,ynun,moaning,común,es,adjective,/koˈmun/,onun,common
stöhnen,de,noun,/ˈʃtøːnən/,ønən,moan,丈人,zh-cn,noun,/ʈʂɑŋ˥˩ ʐən˧/,ɒnən,Bother
呻吟,zh-cn,noun,/ʂən˥˥ ɪn˧˥/,ənʏn,moan,abermin,en,noun,/ˈæbɝmɪn/,ænʏn,abermin
moans,en,noun,/ˈmoʊnz/,noʊn,moans,Abholung,de,noun,/ˈʔapˌhoːlʊŋ/,ɶoʊn,collection
Niedrigkeit,de,noun,/niːdɾɪkˈkəiːt/,nyʏəy,Low,antipathies,en,noun,/ænˈtɪpəθiz/,ænʏəy,antipathies
열심히,ko,noun,/jʌ̹ɭɕʰimʝi/,ɔyny,hard,aclinic,ro,noun,/aklinik/,ɶyny,aclinic
suara,id,noun,/suara/,uɶɶ,sound,zuschaltbar,de,adjective,/ˈtsuːʃaltˈbaɽ/,uɶɶ,switchable
薄膜,zh-cn,noun,/pɔ˧˥ mɔ˧˥/,ɔnɔ,film,건덕,ko,noun,/kʌ̹ndʌ̹k̚/,ɔnɔ,Tint
vices,en,noun,/ˈvaɪsəz/,ɶʏə,vices,abbilde,de,noun,/ˈʔapˌbɪldə/,ɶʏə,depict
kebijaksanaan,id,noun,/kəbidʒaʔsanaʔan/,əyɶɶnɶɶn,wisdom,abanderizaban,es,noun,/aβandeɾiθaβan/,ɶɶnøyɶɶn,Abanderizaban
음료,ko,noun,/ɯmɲjo/,unno,beverage,anno,de,noun,/ˈʔanno/,ɶnno,Anno
태평양,ko,noun,/tʰɛ̝pʰjʌ̹ŋɲja̠ŋ/,œɔnnɶn,Pacific ocean,かんらん岩,ja,noun,/kaɴɾaɴgaɴ/,ɶnɶnɶn,Octopus rock
拥有,zh-cn,verb,/jʊŋ˥˥ joʊ˨˩˦/,ʊnoʊ,have,agnos,en,noun,/ˈæɡnoʊs/,ænoʊ,agnos
memegang,id,verb,/məməgaŋ/,nənəɶn,hold it,eingepflanzt,de,verb,/ʔaengəˈpflantst/,ɶønəɶn,implanted
선거,ko,noun,/sʰʌ̹nɡʌ̹/,ɔnɔ,election,bornhorst,en,noun,/ˈbɔɹnhɔɹst/,ɔnɔ,bornhorst
birdoj,eo,noun,/birdoi/,yoy,Birds,isolierst,de,verb,/ʔizoˈliːɾst/,yoy,insulating
Geflügel,de,noun,/ɡəˈflyːɡəl/,əyə,poultry,achieva,en,noun,/əˈtʃivə/,əyə,achieva
unggas,id,noun,/uŋgas/,unɶ,poultry,司马,zh-cn,noun,/sɯ˥˥ ma˨˩˦/,unɶ,Sima
limpa,id,noun,/limpa/,ynɶ,spleen,bina,ro,noun,/bina/,ynɶ,bina
중복,ko,noun,/t͡ɕuŋbo̞k̚/,uno,overlap,bruñió,es,noun,/bɾuˈɲjo/,uno,Bruñió
gebremst,de,noun,/gəˈbrɛmst/,əœn,braked,alem,en,noun,/əˈɫɛm/,əœn,alem
발목,ko,noun,/pa̠ɭmo̞k̚/,ɶno,Ankle,almo,es,noun,/almo/,ɶno,almo
merintih,id,noun,/mərintih/,nəyny,moanful,고해비밀,ko,adjective,/ko̞ɦɛ̝bimiɭ/,oœyny,High-end secrets
化学,ja,noun,/kagakɯ/,ɶɶu,Chemistry,aguazul,es,noun,/aɣwaθul/,ɶɶu,Aguazul
chemo,en,noun,/ˈkimoʊ/,ynoʊ,chemo,Endprodukt,de,adjective,/ˈʔɛntpɾodʊkt/,œnoʊ,Final product
amend,en,noun,/əˈmɛnd/,ənœn,amend,가맹,ko,noun,/ka̠mɛ̝ŋ/,ɶnœn,Liberalism
고치다,ko,noun,/ko̞t͡ɕʰida̠/,oyɶ,Fix,boricat,ro,noun,/borikat/,oyɶ,boric
mengubah,id,noun,/məŋubah/,nənuɶ,change,kvarangula,eo,noun,/kvarangula/,ɶɶnuɶ,square
thine,en,noun,/ˈðaɪn/,ɶʏn,thine,下令,zh-cn,verb,/ɕja˥˩ lɪŋ˥˩/,ɶʏn,Ordered
deinen,de,noun,/ˈdaɪ̯nən/,ɶʏnən,yours,aaronson,en,noun,/ˈɑɹənsən/,ɒənən,aaronson
berintikan,id,verb,/bərintikan/,əynyɶn,love,abanican,es,adjective,/aβanikan/,ɶɶnyɶn,Abanican
動詞,ja,noun,/doɯɕi/,ouy,verb,borjuis,id,noun,/bordʒuis/,ouy,bourgeois
동사,ko,noun,/to̞ŋsʰa̠/,onɶ,verb,blonda,eo,noun,/blonda/,onɶ,Blonde
찬양,ko,noun,/t͡ɕʰa̠ɲja̠ŋ/,ɶnɶn,praise,Osman,eo,noun,/osman/,onɶn,Osman
미술,ko,noun,/misʰuɭ/,nyu,Art,mildiu,es,noun,/mildju/,nyu,mildew
