request_word,request_lang,request_pos,request_ipa,request_ipa_formatted,request_word_en,response_word,response_lang,response_pos,response_ipa,response_ipa_formatted,response_word_en
靴下,ja,noun,/kɯtsɯɕita/,uuyɶ,socks,abubilla,es,noun,/aβuβiʎa/,ɶuyɶ,hoopoe
Socken,de,noun,/ˈzɔkən/,ɔən,Socks,alben,en,noun,/ˈɔɫbən/,ɔən,alben
양말,ko,noun,/ja̠ŋma̠ɭ/,ɶnnɶ,Amount - say,anmachst,de,noun,/ˈʔanˌmaxst/,ɶnnɶ,oppose
誇張,ja,noun,/kotɕoɯ/,oou,Exaggeration,bolotu,id,noun,/bolotu/,oou,Bolotu
송곳니,ko,noun,/sʰo̞ŋɡo̞nni/,ononny,canine,トントンミ,ja,noun,/toɴtoɴmi/,ononny,Tontonmi
taring,id,noun,/tariŋ/,ɶyn,Caning,afín,es,adjective,/aˈfin/,ɶyn,related
튀김,ko,noun,/tʰɥiɡim/,yyn,fried food,１０進,ja,noun,/dʑiɕːiɴ/,yyn,Decimal
吹嘘,zh-cn,verb,/ʈʂʰweɪ˥˥ ɕy˥˥/,øʏy,Boast,deskriptiv,de,noun,/deskʀɪpˈtiːf/,øʏy,descriptive
schmusen,de,noun,/ˈʃmuːzən/,nuən,cuddle,ajutăm,ro,noun,/aʒutəm/,ɶuən,help
Letten,de,noun,/ˈlkɛtən/,œən,Lett up,切诊,zh-cn,noun,/tɕʰjɛ˥˩ ʈʂən˨˩˦/,œən,Consultation
animi,eo,noun,/animi/,ɶnyny,animate,고해비밀,ko,adjective,/ko̞ɦɛ̝bimiɭ/,oœyny,High-end secrets
叹息,zh-cn,noun,/tʰan˥˩ ɕi˥˥/,ɶny,sigh,amir,es,noun,/amiɾ/,ɶny,amir
mendesah,id,noun,/məndəsah/,nənəɶ,sigh,astâmpăra,ro,noun,/astɨmpəra/,ɶʉnəɶ,appease
한숨,ko,noun,/ha̠nsʰum/,ɶnun,sigh,あん分,ja,noun,/aɴbɯɴ/,ɶnun,Choice
黑暗,zh-cn,noun,/xeɪ˥˥ an˥˩/,øʏɶn,dark,Beilagen,de,noun,/ˈbaɪ̯laːɡŋ̩/,ɶʏɶn,Side dishes
erbärmlich,de,noun,/ʔɛːɐˈbɛɾmlɪç/,œɐœnʏ,miserable,academic,en,adjective,/ˌækəˈdɛmɪk/,æəœnʏ,academic
스마트,ko,noun,/sʰɯma̠tʰɯ/,unɶu,smart,andaluz,es,adjective,/andaluθ/,ɶnɶu,Andalusian
berputar,id,noun,/bərputar/,əuɶ,Spinning,behutsam,de,noun,/bəˈhuːtzaːl/,əuɶ,careful
旋转,zh-cn,noun,/ɕɥœn˧˥ ʈʂwan˨˩˦/,œnɶn,Rotate,あんさん,ja,noun,/aɴsaɴ/,ɶnɶn,Anan
wirbeln,de,noun,/ˈvɪɾbɛln/,ʏœn,swirl,befriend,en,noun,/bɪˈfɹɛnd/,ʏœn,befriend
회전,ko,noun,/hø̞d͡ʑʌ̹n/,øɔn,rotation,Beton,de,noun,/beˈtɔŋ/,øɔn,concrete
言葉,ja,noun,/ketoba/,øoɶ,word,bellota,es,noun,/beʎota/,øoɶ,acorn
Balsam,de,noun,/ˈbalzaːm/,ɶɶn,balm,abang,id,noun,/abaŋ/,ɶɶn,Abang
안녕,ko,noun,/a̠nɲjʌ̹ŋ/,ɶnnɔn,Hi,Aktienfonds,de,noun,/ˈʔaktiːnfɔnts/,ɶynɔn,Stock fund
ドライブ,ja,noun,/doɾaibɯ/,oɶyu,drive,打下基础,zh-cn,verb,/ta˨˩˦ ɕja˥˩ tɕi˥˥ ʈʂʰu˨˩˦/,ɶɶyu,lay the foundation
드라이브,ko,noun,/tɯɾa̠ibɯ/,uɶyu,drive,calatidiu,ro,noun,/kalatidju/,ɶɶyu,Calatidium
mendorong,id,noun,/məndoroŋ/,nənoon,push,おほんおっほん,ja,noun,/ohoɴohːoɴ/,oonoon,Oonhon
누설,ko,noun,/nusʰʌ̹ɭ/,nuɔ,Leakage,Nudelholz,de,noun,/ˈnuːdl̩hɔlts/,nuɔ,Noodle wood
漏れる,ja,noun,/moɾeɾɯ/,noøu,Leak,Bauberuf,de,noun,/ˈbaobeɾuf/,ɶoøu,Buildup
undicht,de,noun,/ˈʔʊnˌdɪçt/,ʊnʏ,leaky,booksmith,en,noun,/ˈbʊksˌmɪθ/,ʊnʏ,booksmith
早く,ja,noun,/hajakɯ/,ɶɶu,quickly,abajur,ro,noun,/abaʒur/,ɶɶu,lampshade
einleiten,de,noun,/ˈʔaenˈləiːtən/,ɶønəyən,initiate,albanian,en,adjective,/æɫˈbeɪniən/,æøʏnyən,albanian
誓い,ja,noun,/tɕikai/,yɶy,Vow,Didaktik,de,noun,/ˈdiːdaktik/,yɶy,didactics
购买,zh-cn,noun,/koʊ˥˩ maɪ˨˩˦/,oʊnɶʏ,buy,actinide,en,noun,/ˈæktɪˌnaɪd/,æʏnɶʏ,actinide
구매,ko,noun,/kumɛ̝/,unœ,purchase,扑灭,zh-cn,verb,/pʰu˥˥ mjɛ˥˩/,unœ,put out
pembelian,id,noun,/pəmbəlian/,ənəyɶn,purchase,agonizant,ro,verb,/aɡonizant/,ɶonyɶn,agonizing
树木,zh-cn,noun,/ʂu˥˩ mu˥˩/,unu,Trees,구물,ko,noun,/kumuɭ/,unu,Trees
布団,ja,noun,/ɸɯtoɴ/,uon,futon,blusón,es,noun,/bluˈson/,uon,smock
お守り,ja,noun,/omamoɾi/,onɶnoy,Amulet,有案可稽,zh-cn,noun,/joʊ˨˩˦ an˥˩ kʰɤ˨˩˦ tɕi˥˥/,oʊɶnoy,Case
jenaka,id,noun,/dʒənaka/,ənɶɶ,Often,anpassbar,de,adjective,/ˈʔanpassˈbaɽ/,ɶnɶɶ,customizable
생식선,ko,noun,/sʰɛ̝ŋɕʰiks͈ʌ̹n/,œnyɔn,gonad,joffrion,en,noun,/joʊfɹiˈɔn/,oʊyɔn,joffrion
脛当て,ja,noun,/sɯneate/,unøɶø,Grinder,aalexoaiei,ro,noun,/aaleksŏajej/,ɶɶøɶø,aalexoaiei
angesagt,de,noun,/ʔangəˈzakt/,ɶnəɶ,"hip, trendy, popular",armăsar,ro,noun,/arməsar/,ɶnəɶ,stallion
或いは,ja,noun,/aɾɯiha/,ɶuyɶ,Or,diskutierbar,de,adjective,/dɪskutiːɾˈbaɽ/,ʏuyɶ,discussable
ぐるみ,ja,noun,/gɯɾɯmi/,uuny,Turning,가든히,ko,noun,/ka̠dɯnʝi/,ɶuny,Garden
unbox,en,noun,/ənˈbɔks/,ənɔ,unbox,奔波,zh-cn,noun,/pən˥˥ pɔ˥˥/,ənɔ,Rush
두더지,ko,noun,/tudʌ̹d͡ʑi/,uɔy,mole,bukowski,en,noun,/bjuˈkɔfski/,uɔy,bukowski
フローラ,ja,noun,/ɸɯɾoːɾa/,uoɶ,flora,구도자,ko,adjective,/kudo̞d͡ʑa̠/,uoɶ,Priest
エリア,ja,adjective,/eɾia/,øyɶ,area,게릴라,ko,noun,/ke̞ɾiɭɭa̠/,øyɶ,Guerrilla
dentang,id,noun,/dəntaŋ/,ənɶn,Denang,あんさん,ja,noun,/aɴsaɴ/,ɶnɶn,Anan
閉じる,ja,noun,/todʑiɾɯ/,oyu,close,folicul,ro,noun,/folikul/,oyu,follicle
uncut,en,noun,/ˌənˈkət/,ənə,uncut,Cremes,de,noun,/ˈtsɾəməs/,ənə,Cremes
맥주,ko,noun,/mɛ̝k̚t͡ɕ͈u/,nœu,beer,Schnellzug,de,noun,/ˈʃnɛlltsuk/,nœu,Quick train
튀김,ko,noun,/tʰɥiɡim/,yyn,fried food,güillín,es,noun,/gwiˈʎin/,yyn,Güillín.
轰炸,zh-cn,noun,/xʊŋ˥˥ ʈʂa˥˩/,ʊnɶ,bombing,Buchmarkt,de,noun,/ˈbʊxmaɾkt/,ʊnɶ,Bookmark
bomba,en,noun,/ˈbɑmbə/,ɒnə,bomba,ahmte,de,noun,/ˈʔɑmtə/,ɒnə,athe
폭탄,ko,noun,/pʰo̞k̚tʰa̠n/,oɶn,bomb,Jordan,eo,noun,/jordan/,oɶn,Jordan
分享,zh-cn,noun,/fən˥˥ ɕjɑŋ˨˩˦/,ənɒn,share it,algernon,en,noun,/ˈæɫdʒɝnɑn/,ænɒn,algernon
공유,ko,noun,/ko̞ŋju/,onu,share,bonjur,ro,noun,/bonʒur/,onu,bonjour
シェア,ja,noun,/ɕiea/,yøɶ,share,dibéla,id,noun,/dibela/,yøɶ,Dibéla.
강아지,ko,noun,/ka̠ŋa̠d͡ʑi/,ɶnɶy,puppy,amaĵi,eo,noun,/amaʒi/,ɶnɶy,AMOTION
Möwen,de,noun,/ˈmøːvən/,nøən,Seawoman,apelăm,ro,noun,/apeləm/,ɶøən,appeal
カモメ,ja,noun,/kamome/,ɶnonø,Gull,diakonés,id,noun,/diakones/,yɶonø,Diakonés.
갈매기,ko,noun,/ka̠ɭmɛ̝ɡi/,ɶnœy,Seagull,日新月异,zh-cn,noun,/ʐɚ˥˩ ɕɪn˥˥ ɥœ˥˩ i˥˩/,ʏnœy,Sundiality
Aufnahmen,de,noun,/ˈʔaofˌnɑmən/,ɶonɒnən,Recordings,不得不承认,zh-cn,verb,/pu˥˩ tɤ˧˥ pu˥˩ ʈʂʰɤŋ˧˥ ʐən˥˩/,uouonən,Have to recognize
拍摄,zh-cn,noun,/pʰaɪ˥˥ ʂɤ˥˩/,ɶʏo,Shoot,heilfroh,de,verb,/ˈhaɪ̯lˈfʁoː/,ɶʏo,healing
strengen,de,noun,/ˈʃtɾɛŋən/,œnən,string,ackerman,en,noun,/ˈækɝmən/,ænən,ackerman
teratas,id,verb,/təratas/,əɶɶ,top,bălașa,ro,noun,/bəlaʃa/,əɶɶ,BĂLAŞA
風袋,ja,verb,/ɸɯɯtai/,uuɶy,Tare,acuzativ,ro,adjective,/akuzativ/,ɶuɶy,accusative
尿,ja,noun,/ibaɾi/,yɶy,urine,birláis,es,noun,/biˈɾlais/,yɶy,Birllais
尿,zh-cn,noun,/njɑʊ˥˩/,nɒʊ,Pee,mahood,en,noun,/ˈmɑhʊd/,nɒʊ,mahood
오줌,ko,noun,/o̞d͡ʑum/,oun,urine,ＤＱＮ,ja,noun,/dokjɯɴ/,oun,DQN
Urin,de,noun,/ˈʔuːɾin/,uyn,urine,ずきん,ja,noun,/zɯkiɴ/,uyn,Shy
urino,eo,noun,/urino/,uyno,urine,abismó,es,noun,/aβiˈzmo/,ɶyno,abyss
他们,zh-cn,noun,/tʰa˥˥ mən˧/,ɶnən,they,ackerman,en,noun,/ˈækɝmən/,ænən,ackerman
lamer,en,noun,/ˈɫeɪmɝ/,øʏn,lamer,Blödsinn,de,noun,/ˈbløːtzɪn/,øʏn,Nonsense
Spaten,de,noun,/ˈʃpaːtən/,ɶən,spade,下沉,zh-cn,noun,/ɕja˥˩ ʈʂʰən˧˥/,ɶən,sink
fosilo,eo,noun,/fosilo/,oyo,Spade,boikot,id,noun,/boikot/,oyo,boycott
スペード,ja,noun,/sɯpeːdo/,uøo,spade,구제도,ko,noun,/kud͡ʑe̞do̞/,uøo,Relief
Aufnahmen,de,noun,/ˈʔaofˌnɑmən/,ɶonɒnən,Recordings,înstrăinăm,ro,verb,/ɨnstrəinəm/,ʉnəynən,estranged
拍摄,zh-cn,noun,/pʰaɪ˥˥ ʂɤ˥˩/,ɶʏo,Shoot,heilfroh,de,verb,/ˈhaɪ̯lˈfʁoː/,ɶʏo,healing
스크랩,ko,noun,/sʰɯkxɯɾɛ̝p̚/,uuœ,scrap,zujubelst,de,noun,/ˈtsuːˌjuːbɛlst/,uuœ,jubilate
deinen,de,noun,/ˈdaɪ̯nən/,ɶʏnən,yours,estimăm,ro,noun,/jestiməm/,øynən,estimate
thine,en,noun,/ˈðaɪn/,ɶʏn,thine,abbringst,de,noun,/ˈʔapˌbrɪŋst/,ɶʏn,drag
trennen,de,noun,/ˈtʀɛnən/,œnən,separate,amben,id,noun,/ambən/,ɶnən,divan
전망하다,ko,noun,/t͡ɕʌ̹nma̠ŋɦa̠da̠/,ɔnnɶnɶɶ,Prospect,anastigmata,eo,noun,/anastigmata/,ɶnɶynɶɶ,Anastigmata
정신,ko,noun,/t͡ɕʌ̹ŋɕʰin/,ɔnyn,mental,amín,es,noun,/aˈmin/,ɶnyn,amine
blühen,de,noun,/ˈblyːən/,yən,bloom,义愤,zh-cn,noun,/i˥˩ fən˥˩/,yən,indignation
사면,ko,noun,/sʰa̠mjʌ̹n/,ɶnɔn,slope,amborn,en,noun,/əmˈbɔɹn/,ənɔn,amborn
전복,ko,,/t͡ɕʌ̹nbo̞k̚/,ɔno,abalone,Bongo,de,noun,/ˈbɔŋo/,ɔno,Bongo
魔鬼,zh-cn,,/mɔ˧˥ kweɪ˨˩˦/,nɔøʏ,devil,apostate,en,noun,/əˈpɔsteɪt/,əɔøʏ,apostate
波,ja,noun,/nami/,nɶny,wave,alarmierst,de,noun,/ʔɑlaɾˈmiːɾst/,ɒɶny,alarm
波浪,zh-cn,noun,/pɔ˥˥ lɑŋ˥˩/,ɔɒn,wave,Potsdam,de,noun,/ˈpɔtsdɑm/,ɔɒn,Potsdam
ombak,id,noun,/ombaʔ/,onɶ,waves,bodnar,ro,noun,/bodnar/,onɶ,bodnar
你们,zh-cn,noun,/ni˨˩˦ mən˧/,nynən,you guys,abbanden,de,noun,/ˈʔapˌbandən/,ɶɶnən,abandon
민스크,ko,noun,/minsʰɯkxɯ/,nynuu,Minsk,不三不四,zh-cn,adjective,/pu˥˩ san˥˥ pu˧˥ sɯ˥˩/,uɶnuu,dubious
thine,en,noun,/ˈðaɪn/,ɶʏn,thine,下令,zh-cn,verb,/ɕja˥˩ lɪŋ˥˩/,ɶʏn,Ordered
deinen,de,noun,/ˈdaɪ̯nən/,ɶʏnən,yours,estimăm,ro,noun,/jestiməm/,øynən,estimate
