request_word,request_lang,request_pos,request_ipa,request_ipa_formatted,request_word_en,response_word,response_lang,response_pos,response_ipa,response_ipa_formatted,response_word_en
평정,ko,noun,/pʰjʌ̹ŋd͡ʑʌ̹ŋ/,ɔnɔn,rating,Ansporn,de,verb,/ˈʔanˌʃpɔɾn/,ɶnɔn,Spur
Haltung,de,noun,/ˈhaltʊŋ/,ɶʊn,attitude,'round,en,noun,/ˈɹaʊnd/,ɶʊn,'round
艦隊,ja,noun,/kaɴtai/,ɶnɶy,fleet,ajnabi,id,noun,/adʒnabi/,ɶnɶy,Ajnabi.
gaja,eo,noun,/gaia/,ɶyɶ,cheerful,abilah,id,noun,/abilah/,ɶyɶ,Abilah
言葉,ja,noun,/ketoba/,øoɶ,word,괴롭다,ko,noun,/kø̞ɾo̞p̚t͈a̠/,øoɶ,pain
並べ替え,ja,noun,/naɾabekae/,nɶɶøɶø,Sorting,abanderaré,es,noun,/aβandeɾaˈɾe/,ɶɶnøɶø,Abandheré.
sortieren,de,noun,/zɔɾˈtiːɾen/,ɔyøn,sort by,가이센,ko,noun,/ka̠isʰe̞n/,ɶyøn,Gaisen
屠宰,zh-cn,noun,/tʰu˧˥ tsaɪ˨˩˦/,uɶʏ,slaughter,gutartig,de,noun,/ˈguːtaɾtɪç/,uɶʏ,benign
험담하다,ko,adjective,/hʌ̹mda̠mɦa̠da̠/,ɔnɶnɶɶ,Gossip,いたせんぱら,ja,noun,/itaseɴpaɾa/,yɶønɶɶ,Pala
骗子,zh-cn,noun,/pʰjɛn˥˩ tsɯ˧/,œnu,con man,chengdu,en,noun,/ˌtʃɛŋˈdu/,œnu,chengdu
Missbrauch,de,noun,/ˈmɪsˌbraox/,nʏɶo,abuse,累垮了,zh-cn,verb,/leɪ˥˩ kʰwa˨˩˦ lɤ˧/,øʏɶo,Tired
乱用,ja,noun,/ɾaɴjoɯ/,ɶnou,abuse,binoclu,ro,noun,/binoklu/,ynou,binocular
남용,ko,noun,/na̠mjoŋ/,nɶnon,abuse,不可能,zh-cn,adjective,/pu˥˩ kʰɤ˨˩˦ nɤŋ˧˥/,uonon,impossible
penyalahgunaan,id,noun,/pəɲalahgunaʔan/,ənɶɶunɶɶn,abuse,Zeilenrandabstand,de,noun,/ˈtsaelɛnɾandabstant/,ɶøœnɶnɶɶn,Lines
虐待,zh-cn,noun,/nɥœ˥˩ taɪ˥˩/,nœɶʏ,Abuse,Beherztheit,de,noun,/bəˈhɛrtsthaɪ̯t/,əœɶʏ,Braininess
eskapi,eo,noun,/eskapi/,øɶy,to escape,becali,ro,noun,/bekali/,øɶy,Becali
躲避,zh-cn,noun,/tuɔ˨˩˦ pi˥˩/,uɔy,Avoid,bukowski,en,noun,/bjuˈkɔfski/,uɔy,bukowski
menghindari,id,noun,/məŋhindari/,nənynɶy,avoid,Angelegenheit,de,noun,/ˈanɡəleːɡn̩ha͜it/,ɶnəønɶy,matter
カウント,ja,noun,/kaɯɴto/,ɶuno,count,木讷,zh-cn,noun,/mu˥˩ nɤ˥˩/,nuno,Wooden
Anzahl,de,noun,/ˈantsaːl/,ɶnɶ,number,alma,es,noun,/alma/,ɶnɶ,soul
menghitung,id,noun,/məŋhituŋ/,nənyun,calculate,ぴくんぴくん,ja,noun,/pikɯɴpikɯɴ/,yunyun,ぴ ぴ
count,en,noun,/ˈkaʊnt/,ɶʊn,count,Abgrund,de,noun,/ˈʔapˌgɾʊnt/,ɶʊn,Abyss
雑草,ja,noun,/zasːoɯ/,ɶou,weed,abortus,id,noun,/abortus/,ɶou,abortion
bosan,id,noun,/bosan/,oɶn,bored,bochan,es,noun,/botʃan/,oɶn,Bochan
malpura,eo,noun,/malpura/,nɶuɶ,dirty,acapulla,es,noun,/akapuʎa/,ɶɶuɶ,Acapulla.
더러운,ko,noun,/tʌ̹ɾʌ̹un/,ɔɔun,dirty,opportun,de,noun,/ˈʔɔppɔɾtun/,ɔɔun,opportune
훈제,ko,noun,/ɸʷund͡ʑe̞/,unø,Smoked,ウメ,ja,noun,/ɯme/,unø,Ume
유제품,ko,noun,/jud͡ʑe̞pʰum/,uøun,dairy product,きせ分,ja,noun,/kisebɯɴ/,yøun,Mesh
novas,en,noun,/ˈnoʊvəz/,noʊə,novas,aufdrucke,de,noun,/ˈʔaofˌdɾʊkə/,ɶoʊə,imprint
memegang,id,verb,/məməgaŋ/,nənəɶn,hold it,eingepflanzt,de,verb,/ʔaengəˈpflantst/,ɶønəɶn,implanted
拥有,zh-cn,verb,/jʊŋ˥˥ joʊ˨˩˦/,ʊnoʊ,have,agnos,en,noun,/ˈæɡnoʊs/,ænoʊ,agnos
パーティー,ja,noun,/paːteiː/,ɶøy,party,adheri,eo,noun,/adheri/,ɶøy,adheri
静か,ja,noun,/ɕizɯka/,yuɶ,quiet,brilpura,eo,noun,/brilpura/,yuɶ,Brilpura
楼梯,zh-cn,noun,/loʊ˧˥ tʰi˥˥/,oʊy,stairs,audris,en,noun,/oʊˈdɹis/,oʊy,audris
계단,ko,noun,/kje̞da̠n/,øɶn,stairs,bérang,id,noun,/beraŋ/,øɶn,Bérang.
階段,ja,noun,/kaidaɴ/,ɶyɶn,Staircase,ekkiam,eo,noun,/ekkiam/,øyɶn,ekkiam
値する,ja,noun,/ataisɯɾɯ/,ɶɶyuu,Value,ambiguu,ro,adjective,/ambiɡuwu/,ɶnyuu,ambiguous
장점,ko,noun,/t͡ɕa̠ŋd͡ʑʌ̹m/,ɶnɔn,Advantages,Ansporn,de,verb,/ˈʔanˌʃpɔɾn/,ɶnɔn,Spur
merit,en,noun,/ˈmɛɹət/,nœə,merit,Knäste,de,verb,/ˈknɛstə/,nœə,Baked
merito,eo,noun,/merito/,nøyo,merit,Schlageridol,de,noun,/ˈʃlɑːgeɾidol/,ɒøyo,Latchy
pantas,id,noun,/pantas/,ɶnɶ,Were,가나,ko,noun,/ka̠na̠/,ɶnɶ,Ghana
verdienen,de,noun,/fɛɐ̯ˈdiːnən/,œɐynən,to earn,melempem,id,adjective,/mələmpəm/,nəənən,sluggish
优点,zh-cn,noun,/joʊ˥˥ tjɛn˨˩˦/,oʊœn,advantage,beaubien,en,noun,/boʊbˈjɛn/,oʊœn,beaubien
마비,ko,noun,/ma̠bi/,nɶy,paralysis,knali,eo,noun,/knali/,nɶy,knali
赶快,zh-cn,noun,/kan˨˩˦ kʰuaɪ˥˩/,ɶnuɶʏ,hurry up,computerize,en,noun,/kəmˈpjutɝˌaɪz/,ənuɶʏ,computerize
schwärmen,de,noun,/ˈʃvɛʁmən/,œnən,swarm,丈人,zh-cn,noun,/ʈʂɑŋ˥˩ ʐən˧/,ɒnən,Bother
ラグビー,ja,noun,/ɾagɯbiː/,ɶuy,rugby,akustik,id,adjective,/akustiʔ/,ɶuy,acoustic
형성,ko,noun,/çjʌ̹ŋsʰʌ̹ŋ/,ɔnɔn,formation,Ansporn,de,verb,/ˈʔanˌʃpɔɾn/,ɶnɔn,Spur
モペット,ja,noun,/mopetːo/,noøo,Mopet,adolesko,eo,noun,/adolesko/,ɶoøo,teen
Moped,de,noun,/ˈmoːpet/,noø,moped,modél,id,noun,/model/,noø,model
moped,en,noun,/ˈmoʊpɛd/,noʊœ,moped,纽约,zh-cn,adjective,/njoʊ˨˩˦ ɥœ˥˥/,noʊœ,new York
嘲弄,zh-cn,noun,/ʈʂʰɑʊ˧˥ nʊŋ˥˩/,ɒʊnʊn,Ridicule,Abdankung,de,noun,/ˈʔapdaŋkʊŋ/,ɶɶnʊn,abdication
fünfte,de,noun,/fʏnftə/,ʏnə,fifth,bicknell,en,noun,/ˈbɪknəɫ/,ʏnə,bicknell
kelima,id,noun,/kəlima/,əynɶ,fifth,abisma,es,noun,/aβizma/,ɶynɶ,abyss
pantas,id,noun,/pantas/,ɶnɶ,Were,alma,es,noun,/alma/,ɶnɶ,soul
merit,en,noun,/ˈmɛɹət/,nœə,merit,Knäste,de,verb,/ˈknɛstə/,nœə,Baked
verdienen,de,noun,/fɛɐ̯ˈdiːnən/,œɐynən,to earn,acționăm,ro,noun,/aktsionəm/,ɶyonən,act
优点,zh-cn,noun,/joʊ˥˥ tjɛn˨˩˦/,oʊœn,advantage,abbuchend,de,verb,/ˈʔapˌbʊxɛnt/,ɶʊœn,departing
장점,ko,noun,/t͡ɕa̠ŋd͡ʑʌ̹m/,ɶnɔn,Advantages,amborn,en,noun,/əmˈbɔɹn/,ənɔn,amborn
値する,ja,noun,/ataisɯɾɯ/,ɶɶyuu,Value,危机四伏,zh-cn,noun,/weɪ˥˥ tɕi˥˥ sɯ˥˩ fu˨˩˦/,øʏyuu,Crisis
merito,eo,noun,/merito/,nøyo,merit,ékspéditor,id,noun,/eʔspeditor/,øøyo,Ékspéditor
gemietet,de,verb,/gəˈmiətət/,ənyəə,rented,conceivable,en,adjective,/kənˈsivəbəɫ/,ənyəə,conceivable
berdiri,id,noun,/bərdiri/,əyy,stand up,beiliegst,de,verb,/bəˈʔiːliːkst/,əyy,enclosed
站立,zh-cn,noun,/ʈʂan˥˩ li˥˩/,ɶny,Stand,admis,ro,adjective,/admis/,ɶny,accepted
スタンド,ja,noun,/sɯtaɴdo/,uɶno,stand,bebandos,id,noun,/bəbandos/,əɶno,Bebandos
fünfzig,de,noun,/ˈfʏnftsɪç/,ʏnʏ,fifty,binegar,en,noun,/ˈbɪnɪɡɝ/,ʏnʏ,binegar
サーフィン,ja,noun,/saːɸiɴ/,ɶyn,surfing,absint,ro,noun,/apsint/,ɶyn,absinthe
서핑,ko,noun,/sʰʌ̹pʰiŋ/,ɔyn,surfing,Doktrin,de,noun,/dɔkˈtʀiːn/,ɔyn,doctrine
冲浪,zh-cn,noun,/ʈʂʰʊŋ˥˥ lɑŋ˥˩/,ʊnɒn,surf,algernon,en,noun,/ˈæɫdʒɝnɑn/,ænɒn,algernon
Verwüstung,de,noun,/fɛʁˈvyːstʊŋ/,œyʊn,devastation,垃圾桶,zh-cn,noun,/la˥˥ tɕi˥˥ tʰʊŋ˨˩˦/,ɶyʊn,trash can
蹂躏,zh-cn,noun,/ʐoʊ˧˥ lɪn˥˩/,oʊʏn,Devastate,alluring,en,verb,/əˈɫʊɹɪŋ/,əʊʏn,alluring
正当,ja,noun,/seitoɯ/,øyou,Right,不亦乐乎,zh-cn,noun,/pu˧˥ i˥˩ lɤ˥˩ xu˥˥/,uyou,Happiness
abgestimmt,de,verb,/ʔapgəˈʃtɪmmt/,ɶəʏnn,Voted,blankenhorn,en,noun,/ˈbɫæŋkɪnhɝn/,ænʏnn,blankenhorn
调整,zh-cn,verb,/tʰjɑʊ˧˥ ʈʂɤŋ˨˩˦/,ɒʊon,Adjustment,Deduktion,de,noun,/dedʊkˈtsĭoːn/,øʊon,Deduction
浪费,zh-cn,noun,/lɑŋ˥˩ feɪ˥˩/,ɒnøʏ,waste,abnötigst,de,noun,/ˈʔapˌnøːtɪkst/,ɶnøʏ,auf
limbah,id,noun,/limbah/,ynɶ,waste,blinda,eo,noun,/blinda/,ynɶ,blind
無駄,ja,noun,/mɯda/,nuɶ,Useless,muchas,es,adjective,/mutʃas/,nuɶ,many
낭비,ko,noun,/na̠ŋbi/,nɶny,waste,afranki,eo,noun,/afranki/,ɶɶny,tofree
泡立てる,ja,noun,/aɰᵝadateɾɯ/,ɶɶɶøu,Bubble,러시아 제국,ko,noun,/ɾʌ̹ɕʰia̠ t͡ɕe̞ɡuk̚/,ɔyɶøu,Russia
Schneebesen,de,noun,/ˈʃneːbeːzn̩/,nøøn,Whisk,あれへん,ja,noun,/aɾeheɴ/,ɶøøn,Arehen
단풍,ko,noun,/ta̠npʰuŋ/,ɶnun,Maple,común,es,adjective,/koˈmun/,onun,common
maple,en,noun,/ˈmeɪpəɫ/,nøʏə,maple,adelige,de,adjective,/ˈʔɑːdelɪgə/,ɒøʏə,noble
acero,eo,noun,/at͡sero/,ɶøo,maple,fleischlos,de,noun,/ˈflaeʃˌloːs/,ɶøo,meat
Ahorn,de,noun,/ˈʔɑːɔɾn/,ɒɔn,maple,adon,en,noun,/ɑˈdɔn/,ɒɔn,adon
wirbeln,de,noun,/ˈvɪɾbɛln/,ʏœn,swirl,befriend,en,noun,/bɪˈfɹɛnd/,ʏœn,befriend
旋转,zh-cn,noun,/ɕɥœn˧˥ ʈʂwan˨˩˦/,œnɶn,Rotate,あんさん,ja,noun,/aɴsaɴ/,ɶnɶn,Anan
berputar,id,noun,/bərputar/,əuɶ,Spinning,behutsam,de,noun,/bəˈhuːtzaːl/,əuɶ,careful
회전,ko,noun,/hø̞d͡ʑʌ̹n/,øɔn,rotation,Beton,de,noun,/beˈtɔŋ/,øɔn,concrete
起重机,zh-cn,noun,/tɕʰi˨˩˦ ʈʂʊŋ˥˩ tɕi˥˥/,yʊny,crane,aronie,en,noun,/ɝˈoʊni/,oʊny,aronie
두루미,ko,noun,/tuɾumi/,uuny,Scrub,asumsi,id,noun,/asumsi/,ɶuny,assumption
クレーン,ja,noun,/kɯɾeːɴ/,uøn,crane,bușteni,ro,noun,/buʃtenʲ/,uøn,logs
daging,id,noun,/dagiŋ/,ɶyn,meat,abdienst,de,noun,/ˈʔapˌdiːnst/,ɶyn,departure
karno,eo,noun,/karno/,ɶno,meat,almo,es,noun,/almo/,ɶno,almo
wines,en,noun,/ˈwaɪnz/,ɶʏn,wines,abbringst,de,noun,/ˈʔapˌbrɪŋst/,ɶʏn,drag
葡萄酒,zh-cn,noun,/pʰu˧˥ tʰɑʊ˧˥ tɕjoʊ˨˩˦/,uɒʊoʊ,wine,acapulco,en,noun,/ˌækəˈpʊɫkoʊ/,æəʊoʊ,acapulco
anggur,id,noun,/aŋgur/,ɶnu,Grape,Anflug,de,noun,/ˈanfluːk/,ɶnu,approach
와인,ko,noun,/wa̠in/,ɶyn,wine,かちん,ja,noun,/katɕiɴ/,ɶyn,Wet
gedämpft,de,verb,/gəˈdɛmpft/,əœn,damped,alem,en,noun,/əˈɫɛm/,əœn,alem
unheimlich,de,noun,/ʊnˈhaɪmlɪç/,ʊnɶʏnʏ,creepy,disappointed,en,adjective,/ˌdɪsəˈpɔɪnɪd/,ʏəɔʏnʏ,
鰓,ja,noun,/agito/,ɶyo,gills,acrișor,ro,noun,/akriʃor/,ɶyo,tart
キウイ,ja,noun,/kiɯi/,yuy,Kiwi,一五一十,zh-cn,adjective,/i˥˩ u˨˩˦ i˥˩ ʂɚ˧˥/,yuy,Fifty-five
奇异果,zh-cn,noun,/tɕʰi˧˥ i˥˩ kuɔ˨˩˦/,yyuɔ,Kiwi,그리스어,ko,adjective,/kɯɾisʰɯʌ̹/,uyuɔ,Greek
羊,ja,noun,/çitsɯdʑi/,yuy,sheep,一五一十,zh-cn,adjective,/i˥˩ u˨˩˦ i˥˩ ʂɚ˧˥/,yuy,Fifty-five
domba,id,noun,/domba/,onɶ,sheep,Donald,de,noun,/ˈdoːnalt/,onɶ,Donald
联盟,zh-cn,noun,/ljɛn˧˥ mɤŋ˧˥/,œnnon,alliance,abstención,es,noun,/aβstenˈθjon/,ɶønon,abstention
連合,ja,noun,/ɾeɴgoɯ/,ønou,Union,고모부,ko,noun,/ko̞mo̞bu/,onou,Uncle
Union,de,noun,/uˈni̯oːn/,unyon,union,哗啦一声,zh-cn,noun,/xwa˥˥ la˥˥ i˥˩ ʂɤŋ˥˥/,ɶɶyon,Slap in
union,en,noun,/ˈjunjən/,unən,union,ahmen,de,noun,/ˈʔɑmən/,ɒnən,ahmen
파산,ko,noun,/pʰa̠sʰa̠n/,ɶɶn,bankruptcy,actant,ro,noun,/aktant/,ɶɶn,actor
