request_word,request_lang,request_pos,request_ipa,request_ipa_formatted,request_word_en,response_word,response_lang,response_pos,response_ipa,response_ipa_formatted,response_word_en
或いは,ja,noun,/aɾɯiha/,ɶuyɶ,Or,abubilla,es,noun,/aβuβiʎa/,ɶuyɶ,hoopoe
小姐,zh-cn,noun,/ɕjɑʊ˨˩˦ tɕjɛ˧/,ɒʊœ,Lady,Karussell,de,noun,/ˈkɑːɾʊszɛll/,ɒʊœ,carousel
징조,ko,noun,/t͡ɕiŋd͡ʑo̞/,yno,symptom,impor,id,noun,/impor/,yno,import
bigos,en,noun,/ˈbiɡoʊz/,yoʊ,bigos,一宿,zh-cn,noun,/i˥˩ ɕjoʊ˨˩˦/,yoʊ,Accumulate
子孫,ja,noun,/ɕisoɴ/,yon,descendants,一成,zh-cn,noun,/i˥˩ ʈʂʰɤŋ˧˥/,yon,Become more
荊,ja,noun,/ibaɾa/,yɶɶ,Thorn,biadab,id,noun,/biadab/,yɶɶ,Sabib
dorno,eo,noun,/dorno/,ono,Thorn,biombo,es,noun,/bjombo/,ono,screen
미디어,ko,noun,/midiʌ̹/,nyyɔ,media,Offizierskorps,de,noun,/ˈʔɔffitsiːɾskɔɾps/,ɔyyɔ,Officer Corps
media,en,noun,/ˈmidiə/,nyyə,media,activități,ro,noun,/aktivitətsʲ/,ɶyyə,ACTIVITY
amaskomunikiloj,eo,noun,/amaskomunikiloi/,ɶnɶonunyyoy,Media,かえるの目借時,ja,noun,/kaeɾɯnomekaɾidoki/,ɶøunonøɶyoy,Light of frog
Medien,de,noun,/ˈmeːdi̯ən/,nøyən,media,abiam,en,noun,/ˈeɪbiəm/,øʏyən,abiam
media,id,noun,/mədia/,nəyɶ,media,bărbăția,ro,noun,/bərbətsija/,əəyɶ,manhood
媒体,zh-cn,noun,/meɪ˧˥ tʰi˨˩˦/,nøʏy,media,achebe,en,noun,/ɑˈtʃeɪbi/,ɒøʏy,achebe
メディア,ja,noun,/medeia/,nøøyɶ,media,abacería,es,noun,/aβaθeˈɾia/,ɶɶøyɶ,grocery
memutuskan,id,noun,/məmutuskan/,nənuuɶn,deciding,antipoluant,ro,noun,/antipoluwant/,ɶnyouɶn,antipollution
trennen,de,noun,/ˈtʀɛnən/,œnən,separate,丈人,zh-cn,noun,/ʈʂɑŋ˥˩ ʐən˧/,ɒnən,Bother
끊다,ko,noun,/k͈ɯntʰa̠/,unɶ,Quit,司马,zh-cn,noun,/sɯ˥˥ ma˨˩˦/,unɶ,Sima
첨부,ko,noun,/t͡ɕʰʌ̹mbu/,ɔnu,attachment,konfus,de,verb,/ˈkɔnfus/,ɔnu,confused
稳重,zh-cn,noun,/uən˨˩˦ ʈʂʊŋ˥˩/,uənʊn,steady,Abdankung,de,noun,/ˈʔapdaŋkʊŋ/,ɶɶnʊn,abdication
runcing,id,noun,/runtʃiŋ/,unyn,pointed,严峻,zh-cn,adjective,/jɛn˧˥ tɕyn˥˩/,œnyn,severe
spiky,en,noun,/ˈspaɪki/,ɶʏy,spiky,assistierst,de,noun,/ʔasˈzɪstiːɾst/,ɶʏy,assistant
熟れる,ja,noun,/ɯɾeɾɯ/,uøu,Be riped,구세주,ko,noun,/kusʰe̞d͡ʑu/,uøu,Messiah
질문,ko,noun,/t͡ɕiɭmun/,ynun,Question,あん分,ja,noun,/aɴbɯɴ/,ɶnun,Choice
pertanyaan,id,noun,/pərtaɲaʔan/,əɶnɶɶn,question,abracadabrant,ro,noun,/abrakadabrant/,ɶɶɶɶɶn,bizarre
询问,zh-cn,noun,/ɕyn˧˥ uən˥˩/,ynuən,ask,abberufen,de,noun,/ʔapbəˈɾuːfən/,ɶəuən,recall
クエリ,ja,noun,/kɯeɾi/,uøy,Query,buberic,ro,noun,/buberik/,uøy,Buber
アイロニー,ja,noun,/aiɾoniː/,ɶyony,irony,取得胜利,zh-cn,noun,/tɕʰy˨˩˦ tɤ˧˥ ʂɤŋ˥˩ li˥˩/,yoony,Victory
ironi,id,noun,/ironi/,yony,irony,aboni,eo,noun,/aboni/,ɶony,Subscribe
irony,en,noun,/ˈaɪɹəni/,ɶʏəny,irony,依法审理,zh-cn,adjective,/i˥˥ fa˨˩˦ ʂən˨˩˦ li˨˩˦/,yɶəny,Trial according to law
반어,ko,noun,/pa̠nʌ̹/,ɶnɔ,irony,传播,zh-cn,noun,/ʈʂʰwan˧˥ pɔ˥˥/,ɶnɔ,spread
Ironie,de,noun,/ʔiˈɾoːniː/jə/,yonyə,irony,aanicăi,ro,noun,/aanikəj/,ɶɶnyə,aanici
讽刺,zh-cn,noun,/fɤŋ˨˩˦ tsʰɯ˥˩/,onu,irony,bonus,id,noun,/bonus/,onu,bonus
環礁,ja,noun,/kaɴɕoɯ/,ɶnou,Atoll,고모부,ko,noun,/ko̞mo̞bu/,onou,Uncle
semangat,id,noun,/səmaŋat/,ənɶnɶ,spirit,不觉莞尔,zh-cn,adjective,/pu˥˩ tɕɥœ˧˥ wan˨˩˦ aɻ˨˩˦/,uœɶnɶ,Unreasonable
ガスト,ja,noun,/gasɯto/,ɶuo,Gust,adulto,eo,noun,/adulto/,ɶuo,adultery
겁쟁이,ko,noun,/kʌ̹p̚t͡ɕ͈ɛ̝ŋi/,ɔœny,Coward,不解之谜,zh-cn,noun,/pu˥˩ tɕjɛ˨˩˦ ʈʂɚ˥˥ mi˧˥/,uœny,Puzzle
粉丝,zh-cn,noun,/fən˨˩˦ sɯ˥˥/,ənu,Fans,bănuț,ro,verb,/bənuts/,ənu,farthing
eigentlich,de,noun,/əɪgɛntlɪç/,əʏœnʏ,actually,academic,en,adjective,/ˌækəˈdɛmɪk/,æəœnʏ,academic
タロット,ja,noun,/taɾotːo/,ɶoo,Tarot,가곡보,ko,noun,/ka̠ɡo̞k̚p͈o̞/,ɶoo,Garage
silos,en,noun,/ˈsaɪˌɫoʊz/,ɶʏoʊ,silos,代沟,zh-cn,noun,/taɪ˥˩ koʊ˥˥/,ɶʏoʊ,Generational ditch
gemein,de,noun,/gəˈməɪn/,ənəʏn,common,accrediting,en,verb,/əˈkɹɛdətɪŋ/,əœəʏn,accrediting
言葉,ja,noun,/ketoba/,øoɶ,word,cecograf,ro,noun,/tʃekoɡraf/,øoɶ,cecographer
歪斜,zh-cn,noun,/uaɪ˥˥ ɕjɛ˧˥/,uɶʏœ,Skew,delial,en,noun,/diˈɫaɪɛɫ/,yɶʏœ,delial
Schräglage,de,noun,/ˈʃɾɛglɑgə/,œɒə,Slack,begajah,en,noun,/bɛˈɡɑdʒə/,œɒə,begajah
찌르다,ko,noun,/t͡ɕ͈iɾɯda̠/,yuɶ,stab,イースター,ja,noun,/iːsɯtaː/,yuɶ,Easter
곤충,ko,noun,/ko̞nt͡ɕʰuŋ/,onun,insect,antum,ro,noun,/antum/,ɶnun,Antum
verjüngen,de,noun,/fɛʁˈjʏŋən/,œʏnən,rejuvenate,estimăm,ro,noun,/jestiməm/,øynən,estimate
demos,en,noun,/ˈdɛˌmoʊz/,œnoʊ,demos,Endprodukt,de,adjective,/ˈʔɛntpɾodʊkt/,œnoʊ,Final product
시민,ko,noun,/ɕʰimin/,ynyn,citizen,严峻,zh-cn,adjective,/jɛn˧˥ tɕyn˥˩/,œnyn,severe
面团,zh-cn,noun,/mjɛn˥˩ tʰwan˧˥/,nœnɶn,Dough,abangan,id,noun,/abaŋan/,ɶɶnɶn,Abangan
반죽,ko,noun,/pa̠nd͡ʑuk̚/,ɶnu,dough,almud,es,noun,/almuð/,ɶnu,Almud.
adonan,id,noun,/adonan/,ɶonɶn,batter,Abendland,de,verb,/ˈʔapˌʔɛndlant/,ɶœnɶn,Wedding country
halos,en,noun,/ˈheɪɫoʊz/,øʏoʊ,halos,代沟,zh-cn,noun,/taɪ˥˩ koʊ˥˥/,ɶʏoʊ,Generational ditch
雑草,ja,noun,/zasːoɯ/,ɶou,weed,abortus,id,noun,/abortus/,ɶou,abortion
Motto,de,noun,/ˈmɔto/,nɔo,motto,멸도,ko,noun,/mjʌ̹ɭdo̞/,nɔo,Destruction
uncut,en,noun,/ˌənˈkət/,ənə,uncut,bengep,id,noun,/bəŋəp/,ənə,Bengep
danke,de,noun,/daˈŋkə/,ɶnə,thanks,ambră,ro,noun,/ambrə/,ɶnə,amber
灰色,ja,noun,/haiiɾo/,ɶyyo,gray,adicio,eo,noun,/adit͡sio/,ɶyyo,Addition
灰烬,zh-cn,noun,/xweɪ˥˥ tɕɪn˥˩/,øʏʏn,ash,Äbtissin,de,noun,/ɛpˈtɪsɪn/,œʏʏn,abbess
争吵,zh-cn,verb,/ʈʂɤŋ˥˥ ʈʂʰɑʊ˨˩˦/,onɒʊ,quarrel,Dramaturg,de,noun,/ˈdɾɑːmɑtʊɾk/,ɒnɒʊ,Dramatur
geschrieben,de,verb,/ɡəˈʃʁiːbən/,əyən,written,achităm,ro,noun,/akʲ̩itəm/,ɶyən,pay
malforta,eo,noun,/malforta/,nɶoɶ,weak,abschraubbar,de,adjective,/ˈʔapʃɾaoˈbaɽ/,ɶɶoɶ,unscrewable
faint,en,noun,/ˈfeɪnt/,øʏn,faint,Blödsinn,de,noun,/ˈbløːtzɪn/,øʏn,Nonsense
lemah,id,noun,/ləmah/,ənɶ,weak,人家,zh-cn,noun,/ʐən˧˥ tɕja˥˥/,ənɶ,People
Ohnmacht,de,noun,/ˈoːnmaχt/,onnɶ,Fainting,あんな,ja,adjective,/aɴna/,ɶnnɶ,Such
Honda,de,noun,/ˈhɔndɑ/,ɔnɒ,Honda,corncob,en,noun,/ˈkɔɹnˌkɑb/,ɔnɒ,corncob
tendangan,id,noun,/təndaŋan/,ənɶnɶn,kick,Abschiedsempfang,de,noun,/ˈʔapˌʃiːtzɛmpfaŋ/,ɶyœnɶn,Farewell reception
브롬,ko,noun,/pɯɾo̞m/,uon,bromine,blusón,es,noun,/bluˈson/,uon,smock
pendatang,id,noun,/pəndataŋ/,ənɶɶn,comer,いらか段,ja,noun,/iɾakadaɴ/,yɶɶɶn,Streak
曼,zh-cn,noun,/man˥˩/,nɶn,Man,남,ko,noun,/na̠m/,nɶn,male
弯曲,zh-cn,noun,/wan˥˥ tɕʰy˥˥/,ɶny,bending,かん子,ja,noun,/kaɴɕi/,ɶny,Carcass
keberanian,id,noun,/kəbəranian/,əəɶnyɶn,bravery,令人遗憾,zh-cn,adjective,/lɪŋ˥˩ ʐən˧˥ i˧˥ xan˥˩/,ʏnənyɶn,Regrettable
胆量,zh-cn,noun,/tan˨˩˦ ljɑŋ˥˩/,ɶnɒn,courage,abmahnst,de,noun,/ˈʔapˌmɑnst/,ɶnɒn,warn
정액,ko,noun,/t͡ɕʌ̹ŋɛ̝k̚/,ɔnœ,semen,Bombers,de,noun,/ˈbɔmbɛɾs/,ɔnœ,Bombers
pengering,id,noun,/pəŋəriŋ/,ənəyn,dryer,împărțind,ro,noun,/ɨmpərtsind/,ʉnəyn,divide
筛选,zh-cn,noun,/ʂaɪ˥˥ ɕɥœn˨˩˦/,ɶʏœn,filter,abbildend,de,verb,/ˈʔapˌbɪldɛnt/,ɶʏœn,shaping
シフト,ja,noun,/ɕiɸɯto/,yuo,shift,기부족,ko,noun,/kibud͡ʑo̞k̚/,yuo,Donation
Randstein,de,verb,/ˈɾandstəɪn/,ɶnəʏn,Rim,accrediting,en,verb,/əˈkɹɛdətɪŋ/,əœəʏn,accrediting
言葉,ja,noun,/ketoba/,øoɶ,word,defora,eo,noun,/defora/,øoɶ,defore
meckern,de,noun,/ˈmɛkɛɾn/,nœœn,gripe,깨개갱,ko,noun,/k͈ɛ̝ɡɛ̝ɡɛ̝ŋ/,œœœn,Jaw
engle,en,noun,/ˈɛŋɡəɫ/,œnə,engle,ähnle,de,adjective,/ˈʔɛnlə/,œnə,similar
仲立ち,ja,noun,/nakadatɕi/,nɶɶɶy,Mediation,embarasi,eo,noun,/embarasi/,ønɶɶy,embarrass
꼬마,ko,noun,/k͈o̞ma̠/,onɶ,child,bomba,id,noun,/bomba/,onɶ,Bomba
煽动,zh-cn,noun,/ʂan˥˥ tʊŋ˥˩/,ɶnʊn,incite,abnutzen,de,noun,/ˈʔapˌnʊtsn̩/,ɶnʊn,wear
걱정,ko,noun,/kʌ̹k̚t͡ɕ͈ʌ̹ŋ/,ɔɔn,worry,Blockform,de,noun,/ˈblɔkfɔɾm/,ɔɔn,Block form
젖꼭지,ko,noun,/t͡ɕʌ̹t̚k͈o̞k̚t͡ɕ͈i/,ɔoy,nipple,Hochgotik,de,adjective,/ˈhɔxgotik/,ɔoy,High-gothic
발전,ko,noun,/pa̠ɭd͡ʑʌ̹n/,ɶɔn,Development,Affront,de,noun,/ˈʔaffɾɔnt/,ɶɔn,Affront
ミニ,ja,noun,/mini/,nyny,mini,秘密,zh-cn,noun,/mi˥˩ mi˥˩/,nyny,secret
欺骗,zh-cn,noun,/tɕʰi˥˥ pʰjɛn˥˩/,yœn,deceive,Bibeln,de,adjective,/ˈbiːbɛln/,yœn,Bible
아마,ko,adjective,/a̠ma̠/,ɶnɶ,maybe,あな,ja,noun,/ana/,ɶnɶ,hole
狒狒,zh-cn,noun,/feɪ˥˩ feɪ˥˩/,øʏøʏ,baboon,kniffelig,de,noun,/ˈknɪffelɪç/,nʏøʏ,tricky
maven,en,,/ˈmeɪvən/,nøʏən,maven,abartigem,de,adjective,/ˈʔapˌʔaɾtɪgəm/,ɶɶʏən,malicious
