,word,word_lang,word_pos,word_ipa,word_ipa_edited_vowel,word_en,next_word_index_verb,next_word_index_noun,next_word_index_adjective,word_ch,word_id,word_ja
0,말하다,ko,verb,/ma̠ɾɦa̠da̠/,ɶɶɶ,say,23:79:92:192:263:291,173:181:194:204:230:232:235:276:297,5:11:30:65:104:160:222,说,mengatakan,いう
1,나타나다,ko,verb,/na̠tʰa̠na̠da̠/,ɶɶɶɶ,appear,23:79:92:192:263:291,173:181:194:204:230:232:235:276:297,5:11:30:65:104:160:222,出现,muncul,現れる
2,高い,ja,adjective,/takai/,ɶɶy,high,19:55:56:57:61:66:74:124:209:217:223,182:187:213:220:238:242:244:247:251:292:302,15:36:188,高的,tinggi,高い
3,senpartia,eo,adjective,/senpartia/,ømɶyɶ,impartial,33:62:225:300,159:219:221:233:234:279:311,16:27:197:214,公正,IMPARTIAL.,公平
4,akan,id,verb,/akan/,ɶɶm,will,32:59:71:134:265,153:166:170:183:185:198:205:208:255:260,22:115:116,将要,akan,意志
5,fatala,eo,adjective,/fatala/,ɶɶɶ,fatal,0:1:23:28:35:79:90:92:192:263:291,162:173:181:194:204:230:232:276,26:30:41:160:222,致命的,fatal,致命的な
6,若い,ja,adjective,/ɰᵝakai/,ɶɶy,young,19:55:56:57:61:66:74:124:209:217:223,182:187:213:220:238:242:244:247:251:292:302,15:36:188,年轻,muda,若い
7,forno,eo,verb,/forno/,oo,oven,78:107:184,163:259:262:275:307,40:68:82:111:128,烤箱,oven,オーブン
8,stabila,eo,adjective,/stabila/,bɶyɶ,stable,33:62:225:300,159:219:221:233:234:279:311,16:27:197:214,稳定的,stabil,安定した
9,matang,id,adjective,/mataŋ/,ɶɶm,mature,32:59:71:134:265,153:166:170:183:185:198:205:208:255:260,22:115:116,成熟,matang,熟考
10,苦い,ja,adjective,/nigai/,yɶy,bitter,24:52:87:100:103:231:237:246:256:274,154:195:210:215:229:236:249:257:266:273:304,108:109:180:216:254:268,苦的,pahit,苦い
11,amara,eo,adjective,/amara/,ɶɶɶ,bitter,0:1:23:28:35:79:90:92:192:263:291,162:173:181:194:204:230:232:276,26:30:41:160:222,苦的,pahit,苦い
12,datang,id,verb,/dataŋ/,ɶɶm,come,32:59:71:134:265,153:166:170:183:185:198:205:208:255:260,22:115:116,来,datang,来る
13,취하다,ko,verb,/t͡ɕʰɥiɦa̠da̠/,byɶɶ,drunk,86:97:186:309,151:152:165:168:212:228:278:301:303,17:18:102:110:189:245:280,醉,mabuk,酔った
14,小さい,ja,adjective,/tɕiisai/,byyɶy,small,24:52:87:100:103:231:237:246:256:274,154:195:210:215:229:236:249:257:266:273:304,108:109:180:216:254:268,小的,kecil,小さい
15,berbagai,id,adjective,/bərbagai/,əɶɶy,various,125:209:217:223,156:158:182:187:213:220:242:244:247:251:302,2:6:36:39:58:60:81:85:98:188,各种各样的,berbagai,様々な
16,rahasia,id,adjective,/rahasia/,ɶɶyɶ,secret,33:225:300,155:159:190:219:221:233:234:279:306:311,3:8:31:49:50:67:133:148:197:214,秘密,rahasia,秘密の
17,imaginara,eo,adjective,/imaginara/,yɶyɶɶ,imaginary,13:51:80:86:97:186:309,151:152:165:212:228:278,112:189:280,假想,imajiner,架空のもの
18,ordinara,eo,adjective,/ordinara/,oyɶɶ,ordinary,13:51:80:86:97:186:309,151:152:165:212:228:278,112:189:280,普通的,biasa,俗理
19,menghargai,id,verb,/məŋhargai/,əɶɶy,appreciate,125:209:217:223,156:158:182:187:213:220:242:244:247:251:302,2:6:36:39:58:60:81:85:98:188,欣赏,menghargai,感謝する
20,asam,id,adjective,/asam/,ɶɶm,acid,32:59:71:134:265,153:166:170:183:185:198:205:208:255:260,22:115:116,酸,asam,酸
21,刈る,ja,verb,/kaɾɯ/,ɶu,mow,63:121:122:131:139:142:239,193:200:211:227:241:269:281:290:293:296:299:308,47:54:70:120:123:146:207:264:267,刈,memotong rumput,刈る
22,파란,ko,adjective,/pʰa̠ɾa̠n/,ɶɶm,blue,4:12:34:71:73:105:129:265:282,170:176:183:185:198:205:255:260,9:20:48:72:89:126,蓝色的,biru,青
23,masalah,id,verb,/masalah/,ɶɶɶ,problem,0:1:28:35:79:90:192:263:291,162:173:181:194:230:232:235:276:297,5:11:26:41:65:104:160:222,问题,masalah,問題
24,이야기,ko,verb,/ija̠ɡi/,yɶy,story,52:87:100:103:231:237:246:256,154:169:178:195:210:215:229:249:252:257:266:273:304,10:14:91:108:109:119:132:180:216:254:268,故事,cerita,物語
25,tuja,eo,adjective,/tuia/,uyɶ,immediate,29:101:117:191:270:272:277,177:196:199:218:253:258:284,44:150:243:310,即时,segera,即時の
26,달하다,ko,adjective,/ta̠ɾɦa̠da̠/,ɶɶɶ,accomplish,23:79:92:192:263:291,173:181:194:204:230:232:235:276:297,5:11:30:65:104:160:222,完成,menyelesaikan,為替える
27,bergairah,id,adjective,/bərgairah/,əɶyɶ,passionate,33:225:300,155:159:190:219:221:233:234:279:306:311,3:8:31:49:50:67:133:148:197:214,热情的,bergairah,情熱的です
28,요약하다,ko,verb,/joja̠kʰa̠da̠/,oɶɶɶ,summarize,23:79:92:192:263:291,173:181:194:204:230:232:235:276:297,5:11:30:65:104:160:222,总结,meringkaskan,要約する
29,들리다,ko,verb,/tɯɭʎida̠/,uyɶ,hear,88:191:270:272:277,177:199:218:250:253:258:284,25:44:75:150:243:310,听到,mendengar,聞く
30,berbahaya,id,adjective,/bərbahaja/,əɶɶɶ,dangerous,0:1:28:35:79:90:192:263:291,162:173:181:194:230:232:235:276:297,5:11:26:41:65:104:160:222,危险的,berbahaya,危険な
31,kavalira,eo,adjective,/kavalira/,ɶɶyɶ,knight,33:62:225:300,159:219:221:233:234:279:311,16:27:197:214,骑士,ksatria,騎士
32,화상,ko,verb,/ɸwa̠sʰa̠ŋ/,ɶɶm,burn,4:12:34:71:73:105:129:265:282,170:176:183:185:198:205:255:260,9:20:48:72:89:126,烧伤,membakar,燃やす
33,밝히다,ko,verb,/pa̠ɭkçida̠/,ɶyɶ,clarify,62:225:300,155:190:219:221:233:234:279:306,3:8:16:27:31:49:50:67:133:148:197,阐明,menjelaskan,明らかにする
34,makan,id,verb,/makan/,ɶɶm,eat,32:59:71:134:265,153:166:170:183:185:198:205:208:255:260,22:115:116,吃,makan,食べる
35,자라다,ko,verb,/t͡ɕa̠ɾa̠da̠/,bɶɶɶ,grow,23:79:92:192:263:291,173:181:194:204:230:232:235:276:297,5:11:30:65:104:160:222,生长,tumbuh,成長する
36,사나이,ko,adjective,/sʰa̠na̠i/,ɶɶy,man,19:55:56:57:61:66:74:124:125:209:217:223,156:158:182:187:213:220:238:242:244:247:251:292:302,2:6:15:39:58:60:81:85:98:188,男子,manusia,おとこ
37,소기,ko,verb,/sʰo̞ɡi/,oy,laughing gas,84:136:203:206:224:248:289:295,174:202:261:283,43:93:286,笑气,gas ketawa,笑うガス
38,cakar,id,verb,/tʃakar/,ɶɶ,claw,83:95:135:138:149,167:172:175:179:226:287:288:294:298:305,69:171:271:285,爪,cakar,爪
39,粗い,ja,adjective,/aɾai/,ɶɶy,rough,19:55:56:57:61:66:74:124:209:217:223,182:187:213:220:238:242:244:247:251:292:302,15:36:188,粗糙的,kasar,粗い
40,모토,ko,adjective,/mo̞tʰo̞/,oo,motto,7:78:107:113:184,163:262:275:307,68:82:201,座右铭,motto,モットー
41,가하다,ko,adjective,/ka̠ɦa̠da̠/,ɶɶɶ,inflict,23:79:92:192:263:291,173:181:194:204:230:232:235:276:297,5:11:30:65:104:160:222,造成,menimbulkan,与える
42,보리,ko,verb,/po̞ɾi/,oy,barley,84:136:203:206:224:248:289:295,174:202:261:283,43:93:286,大麦,jelai,オオムギ
43,hobi,id,adjective,/hobi/,oy,hobby,37:42:46:84:96:136:203:206:224:248:289:295,174:202:240:261:283,45:64:93:106:130:141:286,爱好,hobi,趣味
44,mulia,id,adjective,/mulia/,uyɶ,noble,29:88:101:117:191:270:272:277,177:196:199:218:250:253:284,25:75:310,高贵,mulia,ノーブル
45,도시,ko,adjective,/to̞ɕʰi/,oy,city,84:136:203:206:224:248:289:295,174:202:261:283,43:93:286,城市,kota,市
46,고리,ko,verb,/ko̞ɾi/,oy,ring,84:136:203:206:224:248:289:295,174:202:261:283,43:93:286,戒指,cincin,リング
47,jauh,id,adjective,/dʒauh/,ɶu,far,21:99:118:121:122:131:139:143:239,164:211:227:241:269:281:290:293:296:299:308,76:207:264:267,远的,jauh,遥かに
48,tajam,id,adjective,/tadʒam/,ɶɶm,sharp,32:59:71:134:265,153:166:170:183:185:198:205:208:255:260,22:115:116,锋利的,tajam,シャープ
49,gaja,eo,adjective,/gaia/,ɶyɶ,cheerful,33:62:225:300,159:219:221:233:234:279:311,16:27:197:214,快乐,riang,陽気な
50,magia,eo,adjective,/magia/,ɶyɶ,magic,33:62:225:300,159:219:221:233:234:279:311,16:27:197:214,魔法,sihir,マジック
51,암기하다,ko,verb,/a̠mɡiɦa̠da̠/,ɶmyɶɶ,memorize,86:97:186:309,151:152:165:168:212:228:278:301:303,17:18:102:110:189:245:280,记住,menghafal,記憶する
52,motivasi,id,verb,/motivasi/,oyɶy,motivation,24:87:103:231:237:246:256:274,169:178:195:210:215:229:236:249:252:257:266:304,10:14:91:119:132:180:216:254:268,动机,motivasi,動機
53,sama,id,adjective,/sama/,ɶɶ,same,83:95:135:138:149,167:172:175:179:226:287:288:294:298:305,69:171:271:285,相同的,sama,同じ
54,malu,id,adjective,/malu/,ɶu,shy,21:99:118:121:122:131:139:143:239,164:211:227:241:269:281:290:293:296:299:308,76:207:264:267,害羞的,malu,シャイ
55,menangani,id,verb,/mənaŋani/,əɶɶy,handle,125:209:217:223,156:158:182:187:213:220:242:244:247:251:302,2:6:36:39:58:60:81:85:98:188,处理,menangani,扱う
56,mengamati,id,verb,/məŋamati/,əɶɶy,observe,125:209:217:223,156:158:182:187:213:220:242:244:247:251:302,2:6:36:39:58:60:81:85:98:188,观察,mengamati,観察する
57,memahami,id,verb,/məmahami/,əɶɶy,understand,125:209:217:223,156:158:182:187:213:220:242:244:247:251:302,2:6:36:39:58:60:81:85:98:188,理解,memahami,理解する
58,浅い,ja,adjective,/asai/,ɶɶy,shallow,19:55:56:57:61:66:74:124:209:217:223,182:187:213:220:238:242:244:247:251:292:302,15:36:188,浅,dangkal,浅い
59,갈망,ko,verb,/ka̠ɭma̠ŋ/,ɶɶm,craving,4:12:34:71:73:105:129:265:282,170:176:183:185:198:205:255:260,9:20:48:72:89:126,渴望,idaman,渇望
60,甲高い,ja,adjective,/kaɴdakai/,ɶmɶɶy,shrill,19:55:56:57:61:66:74:124:209:217:223,182:187:213:220:238:242:244:247:251:292:302,15:36:188,尖锐,melengking,甲高い
61,mengatasi,id,verb,/məŋatasi/,əɶɶy,resolve,125:209:217:223,156:158:182:187:213:220:242:244:247:251:302,2:6:36:39:58:60:81:85:98:188,解决,mengatasi,解決する
62,menganalisa,id,verb,/məŋanalisa/,əɶɶyɶ,analyze,33:225:300,155:159:190:219:221:233:234:279:306:311,3:8:31:49:50:67:133:148:197:214,分析,menganalisa,分析
63,bau,id,verb,/bau/,ɶu,smell,21:99:118:121:122:131:139:143:239,164:211:227:241:269:281:290:293:296:299:308,76:207:264:267,闻,bau,臭い
64,도끼,ko,adjective,/ˈto̞ːk͈i/,oy,ax,84:136:203:206:224:248:289:295,174:202:261:283,43:93:286,斧头,kapak,斧
65,hazarda,eo,adjective,/hazarda/,ɶɶɶ,random,0:1:23:28:35:79:90:92:192:263:291,162:173:181:194:204:230:232:276,26:30:41:160:222,随机的,acak,ランダム
66,khawatir,id,verb,/ʔhawatir/,ɶɶy,worried,125:209:217:223,156:158:182:187:213:220:242:244:247:251:302,2:6:36:39:58:60:81:85:98:188,担心,khawatir,心配して
67,naiva,eo,adjective,/naiva/,ɶyɶ,naive,33:62:225:300,159:219:221:233:234:279:311,16:27:197:214,幼稚的,naif,ナイーブ
68,bodoh,id,adjective,/bodoh/,oo,stupid,7:113:184,163:259:262:275:307,40:111:128:201,愚蠢的,bodoh,愚か
69,larĝa,eo,adjective,/lard͡ʒa/,ɶɶ,wide,38:83:94:95:127:135:138:140:145:147:149,157:161:167:172:175:179:226:287:288:294:298:305,53:77:114:137:144:171:271,宽的,lebar,ワイド
70,gaduh,id,adjective,/gaduh/,ɶu,rowdy,21:99:118:121:122:131:139:143:239,164:211:227:241:269:281:290:293:296:299:308,76:207:264:267,罗迪,gaduh,騒がしい
71,打算,zh-cn,verb,/ta˨˩˦ swan˥˩/,ɶɶm,intend,4:12:32:34:59:73:105:129:134:282,153:166:176:185:198:205:208:255:260,9:20:22:48:72:89:115:116:126,打算,berniat,意図する
72,aman,id,adjective,/aman/,ɶɶm,secure,32:59:71:134:265,153:166:170:183:185:198:205:208:255:260,22:115:116,安全的,aman,安全に
73,masam,id,verb,/masam/,ɶɶm,sour,32:59:71:134:265,153:166:170:183:185:198:205:208:255:260,22:115:116,酸的,masam,サワー
74,menghadapi,id,verb,/məŋhadapi/,əɶɶy,face,125:209:217:223,156:158:182:187:213:220:242:244:247:251:302,2:6:36:39:58:60:81:85:98:188,脸,menghadapi,面
75,humila,eo,adjective,/humila/,uyɶ,humble,29:101:117:191:270:272:277,177:196:199:218:253:258:284,44:150:243:310,谦逊的,merendahkan,謙遜
76,タフ,ja,adjective,/taɸɯ/,ɶu,tough,63:121:122:131:139:142:239,193:200:211:227:241:269:281:290:293:296:299:308,47:54:70:120:123:146:207:264:267,艰难的,sulit,タフ
77,marah,id,adjective,/marah/,ɶɶ,angry,83:95:135:138:149,167:172:175:179:226:287:288:294:298:305,69:171:271:285,生气的,marah,怒って
78,kotor,id,verb,/kotor/,oo,dirty,7:113:184,163:259:262:275:307,40:111:128:201,肮脏的,kotor,汚れた
79,曲がった,ja,verb,/magatːa/,ɶɶɶ,bent,0:1:23:28:35:90:92:192:263:291,162:181:194:204:230:232:235:276:297,5:11:26:30:41:65:104:222,弯曲,bengkok,曲がった
80,유지하다,ko,verb,/jud͡ʑiɦa̠da̠/,ubyɶɶ,maintain,86:97:186:309,151:152:165:168:212:228:278:301:303,17:18:102:110:189:245:280,维持,mempertahankan,維持する
81,汚い,ja,adjective,/kitanai/,yɶɶy,dirty,19:55:56:57:61:66:74:124:209:217:223,182:187:213:220:238:242:244:247:251:292:302,15:36:188,肮脏的,kotor,汚い
82,kotor,id,adjective,/kotor/,oo,dirty,7:113:184,163:259:262:275:307,40:111:128:201,肮脏的,kotor,汚れた
83,나팔,ko,verb,/na̠pʰa̠ɭ/,ɶɶ,trumpet,38:94:127:140:145:147,157:161:167:172:175:226:287:288:294:298:305,53:69:77:114:137:144:271:285,喇叭,terompet,トランペット
84,vomi,eo,verb,/vomi/,oy,vomit,37:42:46:96:206:224:248,202:240:261:283,43:45:64:106:130:141:286,呕吐,muntahan,嘔吐する
85,甘い,ja,adjective,/amai/,ɶɶy,sweet,19:55:56:57:61:66:74:124:209:217:223,182:187:213:220:238:242:244:247:251:292:302,15:36:188,甜的,manis,甘い
86,biara,id,verb,/biara/,yɶɶ,monastery,13:51:80:186:309,151:168:212:278:301:303,17:18:102:110:112:189:245:280,修道院,biara,修道院
87,ripari,eo,verb,/ripari/,yɶy,repair,24:52:100:237:246:274,154:169:178:195:210:215:229:236:249:252:257:266:273,10:14:91:108:109:119:132:180:216:254,修理,perbaikan,修復
88,enuiga,eo,verb,/enuiga/,øuyɶ,boring,29:101:117:191:270:272:277,177:196:199:218:253:258:284,44:150:243:310,无聊的,membosankan,退屈な
89,nyaman,id,adjective,/ɲaman/,ɶɶm,comfortable,32:59:71:134:265,153:166:170:183:185:198:205:208:255:260,22:115:116,舒服的,nyaman,快適
90,폭발하다,ko,verb,/pʰo̞k̚p͈a̠ɾɦa̠da̠/,obɶɶɶ,to explode,23:79:92:192:263:291,173:181:194:204:230:232:235:276:297,5:11:30:65:104:160:222,爆炸,meledak,爆発する
91,痛み,ja,adjective,/itami/,yɶy,pain,24:52:87:100:103:231:237:246:256:274,154:195:210:215:229:236:249:257:266:273:304,108:109:180:216:254:268,疼痛,rasa sakit,痛み
92,cahaya,id,verb,/tʃahaja/,ɶɶɶ,light,0:1:28:35:79:90:192:263:291,162:173:181:194:230:232:235:276:297,5:11:26:41:65:104:160:222,光,cahaya,光
93,koni,eo,adjective,/koni/,oy,to know,37:42:46:96:206:224:248,202:240:261:283,43:45:64:106:130:141:286,要知道,untuk mengetahui,知るために
94,wajah,id,verb,/wadʒah/,ɶɶ,face,83:95:135:138:149,167:172:175:179:226:287:288:294:298:305,69:171:271:285,脸,wajah,面
95,나사,ko,verb,/na̠sʰa̠/,ɶɶ,screw,38:94:127:140:145:147,157:161:167:172:175:226:287:288:294:298:305,53:69:77:114:137:144:271:285,拧紧,sekrup,スクリュー
96,솔기,ko,verb,/sʰo̞ɭɡi/,oy,seam,84:136:203:206:224:248:289:295,174:202:261:283,43:93:286,接缝,lapisan,継ぎ目
97,dibayar,id,verb,/dibajar/,yɶɶ,paid,13:51:80:186:309,151:168:212:278:301:303,17:18:102:110:112:189:245:280,有薪酬的,dibayar,払わない
98,柔らかい,ja,adjective,/jaɰᵝaɾakai/,ɶɶɶɶy,soft,19:55:56:57:61:66:74:124:209:217:223,182:187:213:220:238:242:244:247:251:292:302,15:36:188,柔软的,lembut,柔らかい
99,開く,ja,verb,/akɯ/,ɶu,open,63:121:122:131:139:142:239,193:200:211:227:241:269:281:290:293:296:299:308,47:54:70:120:123:146:207:264:267,打开,Buka,開く
100,menilai,id,verb,/mənilai/,əyɶy,rate,24:87:103:231:237:246:256:274,169:178:195:210:215:229:236:249:252:257:266:304,10:14:91:119:132:180:216:254:268,速度,menilai,割合
101,굽히다,ko,verb,/kupʰida̠/,uyɶ,bend,88:191:270:272:277,177:199:218:250:253:258:284,25:44:75:150:243:310,弯曲,tikungan,曲がる
102,porĉiama,eo,adjective,/port͡ʃiama/,oyɶɶ,perpetual,13:51:80:86:97:186:309,151:152:165:212:228:278,112:189:280,永动的,abadi,永続的な
103,vojaĝi,eo,verb,/voiad͡ʒi/,oyɶy,travel,24:52:100:237:246:274,154:169:178:195:210:215:229:236:249:252:257:266:273,10:14:91:108:109:119:132:180:216:254,旅行,perjalanan,トラベル
104,banala,eo,adjective,/banala/,ɶɶɶ,trivial,0:1:23:28:35:79:90:92:192:263:291,162:173:181:194:204:230:232:276,26:30:41:160:222,不重要的,sepele,些些たる
105,dalam,id,verb,/dalam/,ɶɶm,in,32:59:71:134:265,153:166:170:183:185:198:205:208:255:260,22:115:116,在,dalam,に
106,모의,ko,adjective,/mo̞ɰi/,oy,imitation,84:136:203:206:224:248:289:295,174:202:261:283,43:93:286,模仿,imitasi,模倣
107,homo,id,verb,/homo/,oo,homo,7:113:184,163:259:262:275:307,40:111:128:201,同性恋者,homo,ホモ
108,duniawi,id,adjective,/duniawi/,uyɶy,worldly,24:87:103:231:237:246:256:274,169:178:195:210:215:229:236:249:252:257:266:304,10:14:91:119:132:180:216:254:268,世俗,duniawi,俗
109,menghiasi,id,adjective,/məŋhiasi/,əyɶy,decorate,24:87:103:231:237:246:256:274,169:178:195:210:215:229:236:249:252:257:266:304,10:14:91:119:132:180:216:254:268,装饰,menghiasi,飾る
110,lojala,eo,adjective,/loiala/,oyɶɶ,loyal,13:51:80:86:97:186:309,151:152:165:212:228:278,112:189:280,忠诚,setia,忠節
111,도료,ko,adjective,/to̞ɾjo/,oo,varnish,7:78:107:113:184,163:262:275:307,68:82:201,漆,pernis,ワニス
112,비싸다,ko,adjective,/pis͈a̠da̠/,yɶɶ,expensive,86:97:186:309,151:152:165:168:212:228:278:301:303,17:18:102:110:189:245:280,昂贵的,mahal,高価な
113,ŝtofo,eo,verb,/ʃtofo/,oo,fabric,78:107:184,163:259:262:275:307,40:68:82:111:128,织物,kain,ファブリック
114,salah,id,adjective,/salah/,ɶɶ,wrong,83:95:135:138:149,167:172:175:179:226:287:288:294:298:305,69:171:271:285,错误的,salah,違う
115,말단,ko,adjective,/ma̠ɭda̠n/,ɶɶm,end,4:12:34:71:73:105:129:265:282,170:176:183:185:198:205:255:260,9:20:48:72:89:126,结尾,akhir,終わり
116,산란,ko,adjective,/sʰa̠ɭɭa̠n/,ɶɶm,spawning,4:12:34:71:73:105:129:265:282,170:176:183:185:198:205:255:260,9:20:48:72:89:126,产卵,hal ikan bertelur,産卵
117,그리다,ko,verb,/kɯɾida̠/,uyɶ,draw,88:191:270:272:277,177:199:218:250:253:258:284,25:44:75:150:243:310,画,seri,ドロー
118,嗅ぐ,ja,verb,/kagɯ/,ɶu,smell,63:121:122:131:139:142:239,193:200:211:227:241:269:281:290:293:296:299:308,47:54:70:120:123:146:207:264:267,闻,bau,嗅ぐ
119,痛い,ja,adjective,/itai/,yɶy,painful,24:52:87:100:103:231:237:246:256:274,154:195:210:215:229:236:249:257:266:273:304,108:109:180:216:254:268,痛苦,menyakitkan,痛い
120,kamu,id,adjective,/kamu/,ɶu,you,21:99:118:121:122:131:139:143:239,164:211:227:241:269:281:290:293:296:299:308,76:207:264:267,你,kamu,君は
121,하류,ko,verb,/ha̠ɾju/,ɶu,downstream,21:63:99:118:142:143:239,164:193:200:211:227:269:281:290:296:299:308,47:54:70:76:120:123:146:207:264:267,下游,hilir,下流
122,다수,ko,verb,/ta̠sʰu/,ɶu,many,21:63:99:118:142:143:239,164:193:200:211:227:269:281:290:296:299:308,47:54:70:76:120:123:146:207:264:267,许多,banyak,たくさんの
123,kau,id,adjective,/kau/,ɶu,you,21:99:118:121:122:131:139:143:239,164:211:227:241:269:281:290:293:296:299:308,76:207:264:267,你,kau,君は
124,melayani,id,verb,/məlajani/,əɶɶy,serve,125:209:217:223,156:158:182:187:213:220:242:244:247:251:302,2:6:36:39:58:60:81:85:98:188,服务,melayani,サーブ
125,話し,ja,verb,/hanaɕi/,ɶɶy,story,19:55:56:57:61:66:74:124:209:217:223,182:187:213:220:238:242:244:247:251:292:302,15:36:188,故事,cerita,話し
126,karang,id,adjective,/karaŋ/,ɶɶm,coral,32:59:71:134:265,153:166:170:183:185:198:205:208:255:260,22:115:116,珊瑚,karang,コーラル
127,cara,id,verb,/tʃara/,ɶɶ,way,83:95:135:138:149,167:172:175:179:226:287:288:294:298:305,69:171:271:285,办法,cara,仕方
128,로고,ko,adjective,/ɾo̞ɡo̞/,oo,logo,7:78:107:113:184,163:262:275:307,68:82:201,商标,logo,ロゴ
129,rahang,id,verb,/rahaŋ/,ɶɶm,jaw,32:59:71:134:265,153:166:170:183:185:198:205:208:255:260,22:115:116,颚,rahang,顎
130,꼬리,ko,adjective,/k͈o̞ɾi/,oy,tail,84:136:203:206:224:248:289:295,174:202:261:283,43:93:286,尾巴,ekor,尾
131,가구,ko,verb,/ka̠ɡu/,ɶu,furniture,21:63:99:118:142:143:239,164:193:200:211:227:269:281:290:296:299:308,47:54:70:76:120:123:146:207:264:267,家具,mebel,家具
132,確かに,ja,adjective,/taɕikani/,ɶyɶy,surely,24:52:87:100:103:231:237:246:256:274,154:195:210:215:229:236:249:257:266:273:304,108:109:180:216:254:268,一定,pasti,確かに
133,pli fajna,eo,adjective,/pli faina/,byɶyɶ,faster,33:62:225:300,159:219:221:233:234:279:311,16:27:197:214,快点,lebih cepat,もっと早く
134,파란,ko,verb,/pʰa̠ɾa̠n/,ɶɶm,blue,4:12:34:71:73:105:129:265:282,170:176:183:185:198:205:255:260,9:20:48:72:89:126,蓝色的,biru,青
135,살다,ko,verb,/sʰa̠ɭda̠/,ɶɶ,live,38:94:127:140:145:147,157:161:167:172:175:226:287:288:294:298:305,53:69:77:114:137:144:271:285,居住,hidup,住む
136,loĝi,eo,verb,/lod͡ʒi/,oy,to reside,37:42:46:96:206:224:248,202:240:261:283,43:45:64:106:130:141:286,居住,untuk tinggal,居住する
137,kaya,id,adjective,/kaja/,ɶɶ,rich,83:95:135:138:149,167:172:175:179:226:287:288:294:298:305,69:171:271:285,富有的,kaya,リッチ
138,사다,ko,verb,/sʰa̠da̠/,ɶɶ,buy,38:94:127:140:145:147,157:161:167:172:175:226:287:288:294:298:305,53:69:77:114:137:144:271:285,买,membeli,購入
139,하프,ko,verb,/ha̠pʰɯ/,ɶu,harp,21:63:99:118:142:143:239,164:193:200:211:227:269:281:290:296:299:308,47:54:70:76:120:123:146:207:264:267,竖琴,harpa,ハープ
140,marah,id,verb,/marah/,ɶɶ,angry,83:95:135:138:149,167:172:175:179:226:287:288:294:298:305,69:171:271:285,生气的,marah,怒って
141,모피,ko,adjective,/mo̞pʰi/,oy,fur,84:136:203:206:224:248:289:295,174:202:261:283,43:93:286,毛皮,bulu,毛皮
142,batu,id,verb,/batu/,ɶu,stone,21:99:118:121:122:131:139:143:239,164:211:227:241:269:281:290:293:296:299:308,76:207:264:267,石头,batu,結石
143,書く,ja,verb,/kakɯ/,ɶu,write,63:121:122:131:139:142:239,193:200:211:227:241:269:281:290:293:296:299:308,47:54:70:120:123:146:207:264:267,写,menulis,書く
144,darah,id,adjective,/darah/,ɶɶ,blood,83:95:135:138:149,167:172:175:179:226:287:288:294:298:305,69:171:271:285,血液,darah,血液
145,nada,id,verb,/nada/,ɶɶ,tone,83:95:135:138:149,167:172:175:179:226:287:288:294:298:305,69:171:271:285,语气,nada,トーン
146,baru,id,adjective,/baru/,ɶu,new,21:99:118:121:122:131:139:143:239,164:211:227:241:269:281:290:293:296:299:308,76:207:264:267,新的,baru,新着
147,akar,id,verb,/akar/,ɶɶ,root,83:95:135:138:149,167:172:175:179:226:287:288:294:298:305,69:171:271:285,根,akar,ルート
148,alia,eo,adjective,/alia/,ɶyɶ,another,33:62:225:300,159:219:221:233:234:279:311,16:27:197:214,其他,lain,他の
149,알다,ko,verb,/a̠ɭda̠/,ɶɶ,know,38:94:127:140:145:147,157:161:167:172:175:226:287:288:294:298:305,53:69:77:114:137:144:271:285,知道,tahu,知り合わせる
150,manusia,id,adjective,/manusia/,ɶuyɶ,human,29:88:101:117:191:270:272:277,177:196:199:218:250:253:284,25:75:310,人类,manusia,人間
151,脇腹,ja,noun,/ɰᵝakibaɾa/,ɶyɶɶ,flank,13:51:80:86:97:186:309,152:165:168:212:228:278:301:303,17:18:102:110:112:189:245:280,侧翼,mengapit,脇腹
152,biara,id,noun,/biara/,yɶɶ,monastery,13:51:80:186:309,151:168:212:278:301:303,17:18:102:110:112:189:245:280,修道院,biara,修道院
153,사탕,ko,noun,/sʰa̠tʰa̠ŋ/,ɶɶm,candy,4:12:34:71:73:105:129:265:282,170:176:183:185:198:205:255:260,9:20:48:72:89:126,糖果,Permen,キャンディー
154,nilai,id,noun,/nilai/,yɶy,score,24:87:103:231:237:246:256:274,169:178:195:210:215:229:236:249:252:257:266:304,10:14:91:119:132:180:216:254:268,分数,nilai,スコア
155,gaja,eo,noun,/gaia/,ɶyɶ,cheerful,33:62:225:300,159:219:221:233:234:279:311,16:27:197:214,快乐,riang,陽気な
156,粗い,ja,noun,/aɾai/,ɶɶy,rough,19:55:56:57:61:66:74:124:209:217:223,182:187:213:220:238:242:244:247:251:292:302,15:36:188,粗糙的,kasar,粗い
157,nada,id,noun,/nada/,ɶɶ,tone,83:95:135:138:149,167:172:175:179:226:287:288:294:298:305,69:171:271:285,语气,nada,トーン
158,柳,ja,noun,/janagi/,ɶɶy,willow,19:55:56:57:61:66:74:124:209:217:223,182:187:213:220:238:242:244:247:251:292:302,15:36:188,柳,willow,柳
159,마시다,ko,noun,/ma̠ɕʰida̠/,ɶyɶ,drink,62:225:300,155:190:219:221:233:234:279:306,3:8:16:27:31:49:50:67:133:148:197,喝,minum,ドリンク
160,裸,ja,adjective,/hadaka/,ɶɶɶ,naked,0:1:23:28:35:90:92:192:263:291,162:181:194:204:230:232:235:276:297,5:11:26:30:41:65:104:222,裸,telanjang,裸
161,tanah,id,noun,/tanah/,ɶɶ,soil,83:95:135:138:149,167:172:175:179:226:287:288:294:298:305,69:171:271:285,土壤,tanah,土
162,파파야,ko,noun,/pʰa̠pʰa̠ja̠/,ɶɶɶ,papaya,23:79:92:192:263:291,173:181:194:204:230:232:235:276:297,5:11:30:65:104:160:222,木瓜,pepaya,パパイヤ
163,モットー,ja,noun,/motːoː/,oo,motto,7:78:107:113:184,259:262:275:307,40:68:82:111:128:201,座右铭,motto,モットー
164,マフ,ja,noun,/maɸɯ/,ɶu,muff,63:121:122:131:139:142:239,193:200:211:227:241:269:281:290:293:296:299:308,47:54:70:120:123:146:207:264:267,笨蛋,sarung tangan bulu,マフ
165,serigala,id,noun,/sərigala/,əyɶɶ,wolf,13:51:80:186:309,151:168:212:278:301:303,17:18:102:110:112:189:245:280,狼,serigala,狼
166,파란,ko,noun,/pʰa̠ɾa̠n/,ɶɶm,blue,4:12:34:71:73:105:129:265:282,170:176:183:185:198:205:255:260,9:20:48:72:89:126,蓝色的,biru,青
167,納屋,ja,noun,/naja/,ɶɶ,barn,38:83:94:95:127:135:138:140:145:147:149,157:161:179:226:287:288:294:298,53:69:77:114:137:144:171:271:285,谷仓,lumbung,納屋
168,lojala,eo,noun,/loiala/,oyɶɶ,loyal,13:51:80:86:97:186:309,151:152:165:212:228:278,112:189:280,忠诚,setia,忠節
169,嘴,ja,noun,/kɯtɕibaɕi/,ubyɶy,beak,24:52:87:100:103:231:237:246:256:274,154:195:210:215:229:236:249:257:266:273:304,108:109:180:216:254:268,喙,paruh,嘴
170,划船,zh-cn,noun,/xwa˧˥ ʈʂʰwan˧˥/,ɶɶm,boating,4:12:32:34:59:73:105:129:134:282,153:166:176:185:198:205:208:255:260,9:20:22:48:72:89:115:116:126,划船,berperahu,浮遊
171,아마,ko,adjective,/a̠ma̠/,ɶɶ,maybe,38:94:127:140:145:147,157:161:167:172:175:226:287:288:294:298:305,53:69:77:114:137:144:271:285,也许,mungkin,多分
172,真っ赤,ja,noun,/makːa/,ɶɶ,bright red,38:83:94:95:127:135:138:140:145:147:149,157:161:179:226:287:288:294:298,53:69:77:114:137:144:171:271:285,亮红,merah terang,真っ赤
173,曲がった,ja,noun,/magatːa/,ɶɶɶ,bent,0:1:23:28:35:90:92:192:263:291,162:181:194:204:230:232:235:276:297,5:11:26:30:41:65:104:222,弯曲,bengkok,曲がった
174,droni,eo,noun,/droni/,oy,drown,37:42:46:96:206:224:248,202:240:261:283,43:45:64:106:130:141:286,淹,menenggelamkan,溺れる
175,穴,ja,noun,/ana/,ɶɶ,hole,38:83:94:95:127:135:138:140:145:147:149,157:161:179:226:287:288:294:298,53:69:77:114:137:144:171:271:285,孔,lubang,穴
176,akan,id,,/akan/,ɶɶm,will,32:59:71:134:265,153:166:170:183:185:198:205:208:255:260,22:115:116,将要,akan,意志
177,靴下,ja,noun,/kɯtsɯɕita/,ubuyɶ,socks,29:88:101:117:191:270:272:277,196:199:218:250:253:258:284,25:44:75:150:243:310,袜子,kaus kaki,靴下
178,迷彩,ja,noun,/meisai/,øyɶy,camouflage,24:52:87:100:103:231:237:246:256:274,154:195:210:215:229:236:249:257:266:273:304,108:109:180:216:254:268,伪装,kamuflase,迷彩
179,아마,ko,noun,/a̠ma̠/,ɶɶ,maybe,38:94:127:140:145:147,157:161:167:172:175:226:287:288:294:298:305,53:69:77:114:137:144:271:285,也许,mungkin,多分
180,إباحي,ar,adjective,/ʔibaːħijj/,yɶy,pornographic,24:52:87:100:103:231:237:246:256:274,154:169:178:195:215:229:236:249:252:257:266:273:304,10:14:91:108:109:119:132:216:254:268,色情,porno,ポルノの
181,abracadabra,ro,noun,/abrakadabra/,ɶɶɶɶɶ,abracadabra,0:1:23:28:35:79:90:92:192:263:291,162:173:204:230:232:235:297,5:11:26:30:41:65:104:160:222,胡言乱语,omong kosong,アブラカダブラ
182,abagiu,ro,noun,/abadʒiw/,ɶɶy,slaughter,19:55:56:57:61:66:74:124:125:209:217:223,156:158:187:213:220:238:242:247:251:292:302,2:6:15:36:39:58:60:81:85:98:188,屠宰,pembantaian,虐殺
183,传染,zh-cn,noun,/ʈʂʰwan˧˥ ʐan˨˩˦/,ɶɶm,infection,4:12:32:34:59:73:105:129:134:282,153:166:176:185:198:205:208:255:260,9:20:22:48:72:89:115:116:126,传染,infeksi,感染
184,bordo,ro,verb,/bordo/,oo,claret,7:78:107:113,163:259:262:275:307,40:68:82:111:128:201,克莱克,darah,クラーク
185,a bàng,vi,noun,/a˧˥ baŋ˦˨/,ɶɶm,a eagle,4:12:32:34:59:71:73:105:129:134:265:282,153:166:170:176:183:198:205:208:255:260,9:20:22:48:72:89:115:116:126,一只鹰,Eagle,イーグル
186,aukana,is,verb,/œiːkana/,œyɶɶ,increased,13:51:80:86:97:309,151:152:165:168:212:228:301:303,17:18:102:110:112:189:245:280,增加,meningkat,増加する
187,endranær,is,noun,/ɛntranaiːr/,œmɶɶy,incorporation,19:55:56:57:61:66:74:124:125:209:217:223,156:158:182:213:220:238:242:244:247:251:292:302,2:6:15:36:39:58:60:81:85:98:188,纳入,penggabungan,組み込み
188,akapari,eo,adjective,/akapari/,ɶɶɶy,oappropriate,19:55:56:57:61:66:74:124:125:209:223,156:158:182:187:213:220:238:242:244:247:292,2:6:15:36:39:58:60:81:85:98,合适的,sesuai,適切な
189,antidata,fr,adjective,/ɑ̃tidata/,ɑyɶɶ,undata,13:51:80:86:97:186:309,151:152:165:168:212:228:278:301:303,17:18:102:110:112:245:280,未取消,Undata.,めちゃどお
190,afina,eo,noun,/afina/,ɶyɶ,affine,33:62:225:300,159:219:221:233:234:279:311,16:27:197:214,仿射,Affine.,アフィン
191,bằng hữu chi giao,vi,verb,/băŋ˦˨ hɯw˧˩˨ ci˧˥ jaw˧˥/,buyɶ,assigned,29:88:101:117:270:272:277,177:196:199:250:253:258:284,25:44:75:150:243:310,分配,ditugaskan,割り当て
192,bải hoải bài hoài,vi,verb,/baj˧˩˨ hwaj˧˩˨ baj˦˨ hwaj˦˨/,ɶɶɶɶ,graze,0:1:23:28:35:79:90:92:263:291,162:173:181:194:204:230:232:235:276:297,5:11:26:30:41:65:104:160:222,轻擦,tergores,こする
193,kau,id,noun,/kau/,ɶu,you,21:99:118:121:122:131:139:143:239,164:211:227:241:269:281:290:293:296:299:308,76:207:264:267,你,kau,君は
194,abataj,ro,noun,/abataʒ/,ɶɶɶ,slaughter,0:1:23:28:35:79:90:92:192:263:291,162:173:204:230:232:235:297,5:11:26:30:41:65:104:160:222,屠宰,pembantaian,虐殺
195,diapir,ro,noun,/diapir/,yɶy,diapir,24:52:87:100:103:231:237:246:256:274,154:169:178:210:215:229:236:252:266:273:304,10:14:91:108:109:119:132:180:216:254:268,尾巴,hadirat,ダイアピアー
196,구기다,ko,noun,/kuɡida̠/,uyɶ,crumple,88:191:270:272:277,177:199:218:250:253:258:284,25:44:75:150:243:310,弄皱,roboh,ちゃんちゃん
197,aðgæta,is,adjective,/aðcaita/,ɶɶyɶ,caneen,33:62:225,155:159:190:219:221:233:234:279:306:311,3:8:16:27:31:49:50:67:133:148:214,小鼬,Caneen.,丈夫
198,affame,fr,noun,/afam/,ɶɶm,affam,4:12:32:34:59:71:73:105:129:134:265:282,153:166:170:176:183:185:205:208:255:260,9:20:22:48:72:89:115:116:126,临时,afam.,アダム
199,aglutina,ro,noun,/aɡlutina/,ɶbuyɶ,agglutinate,29:88:101:117:191:270:272:277,177:196:218:250:253:258:284,25:44:75:150:243:310,粘合,menggumpalkan,凝集させる
200,abu,id,noun,/abu/,ɶu,ash,21:99:118:121:122:131:139:143:239,164:211:227:241:269:281:290:293:296:299:308,76:207:264:267,灰,abu,灰
201,bono,eo,adjective,/bono/,oo,good,78:107:184,163:259:262:275:307,40:68:82:111:128,好的,baik,良い
202,コーヒー,ja,noun,/koːçiː/,oy,coffee,37:42:46:84:96:136:203:206:224:248:289:295,174:240:261,43:45:64:93:106:130:141:286,咖啡,kopi,コーヒー
203,kodi,eo,verb,/kodi/,oy,codify,37:42:46:96:206:224:248,202:240:261:283,43:45:64:106:130:141:286,编纂,mengkodifikasikan,文化的
204,prasarana,id,noun,/prasarana/,ɶɶɶɶ,infrastructure,0:1:28:35:79:90:192:263:291,162:173:181:194:230:232:235:276:297,5:11:26:41:65:104:160:222,基础设施,prasarana,インフラ
205,Abhang,de,noun,/ˈʔapˌhaŋ/,ɶɶm,slope,4:12:32:34:59:71:73:105:129:134:265:282,153:166:170:176:183:185:198:208:255,9:20:22:48:72:89:115:116:126,坡,lereng,スロープ
206,可以,zh-cn,verb,/kʰɤ˨˩˦ i˨˩˦/,oy,can,37:42:46:84:96:136:203:248:289:295,174:202:240:261:283,43:45:64:93:106:130:141:286,可以,bisa,できる
207,fagur,ro,adjective,/faɡur/,ɶu,comb,21:63:99:118:121:122:131:139:142:143:239,164:193:200:241:269:281:290:293:299,47:54:70:76:120:123:146:264,梳子,sisir,櫛
208,가담,ko,noun,/ka̠da̠m/,ɶɶm,partisanship,4:12:34:71:73:105:129:265:282,170:176:183:185:198:205:255:260,9:20:48:72:89:126,党派,hal beristirahat,百党
209,dứt áo ra đi,vi,verb,/jɯk˦˥ aw˩˧ ʐa˧˥ di˧˥/,uɶɶy,escape,19:55:56:57:61:66:74:124:125:217:223,156:158:182:187:213:220:238:242:244:247:251:292:302,2:6:15:36:39:58:60:81:85:98:188,逃脱,melarikan diri,逃れる
210,أخصائي,ar,noun,/ʔaxisˤˤaːʔijj/,ɶyɶy,specialist,24:52:87:100:103:231:237:246:256:274,154:169:178:195:215:229:236:249:252:257:266:273:304,10:14:91:108:109:119:132:216:254:268,专家,spesialis,専門家
211,dealu,ro,noun,/dĕalu/,ɶu,hill,21:63:99:118:121:122:131:139:142:143:239,164:193:200:241:269:281:290:293:299,47:54:70:76:120:123:146:264,爬坡道,bukit,丘
212,nữ phi hành gia,vi,noun,/nɯ˧˩˨ fi˧˥ han˦˨ ja˧˥/,uyɶɶ,female astronauts,13:51:80:86:97:186:309,151:152:165:168:228:278:301:303,17:18:102:110:112:189:245:280,女宇航员,astronot wanita,女性の宇宙飛行士
213,arrêt-maladie,fr,noun,/aʁɛmaladi/,ɶœɶɶy,sick leave,19:55:56:57:61:66:74:124:125:209:217:223,156:158:182:187:238:242:244:247:251:292:302,2:6:15:36:39:58:60:81:85:98:188,病假,cuti sakit,病気休暇
214,가리다,ko,adjective,/ka̠ɾida̠/,ɶyɶ,blind,62:225:300,155:190:219:221:233:234:279:306,3:8:16:27:31:49:50:67:133:148:197,瞎的,buta,ブラインド
215,sinh kí thác quy,vi,noun,/ʂin˧˥ ki˩˧ tʰak˦˥ wi˧˥/,ymyɶy,substrate,24:52:87:100:103:231:246:256:274,154:169:178:195:210:229:236:249:252:257:266:273:304,10:14:91:108:109:119:132:180:216:254:268,基质,substrat.,基板
216,tilraunadýr,is,adjective,/tʰɪlrœinatiːr/,ʏœyɶy,drastic,24:52:87:100:103:231:237:246:256:274,154:169:178:195:210:215:229:236:249:252:257:266:273:304,10:14:91:108:109:119:132:180:254:268,剧烈,drastis,劇的な
217,agrafi,eo,verb,/agrafi/,ɶɶy,to get up,19:55:56:57:61:66:74:124:125:209:223,156:158:182:187:213:220:238:242:244:247:292,2:6:15:36:39:58:60:81:85:98,起床,untuk naik,起きる
218,nữ y tá,vi,noun,/nɯ˧˩˨ i˧˥ ta˩˧/,uyɶ,nurse,29:88:101:117:270:272:277,177:196:199:250:253:258:284,25:44:75:150:243:310,护士,perawat,ナース
219,anrika,sv,noun,/²'anːriːka/,ɶyɶ,enrich,33:62:225:300,155:159:190:233:234:279:306:311,3:8:16:27:31:49:50:67:133:148:197:214,丰富,memperkaya,濃う
220,cramoisi,fr,noun,/kʁamwazi/,bɶɶy,crimson,19:55:56:57:61:66:74:124:125:209:217:223,156:158:182:187:238:242:244:247:251:292:302,2:6:15:36:39:58:60:81:85:98:188,赤红,merah tua,真紅
221,tillrättavisa,sv,noun,/²tɪlr'ɛtːaviːsa/,ʏœɶyɶ,reprimand,33:62:225:300,155:159:190:233:234:279:306:311,3:8:16:27:31:49:50:67:133:148:197:214,惩戒,teguran,懲罰
222,afmarkaða,is,adjective,/avmar̥kaða/,ɶbɶɶɶ,restrictive,0:1:23:28:35:79:90:92:192:263:291,162:173:181:194:204:230:232:235:276:297,5:11:26:30:41:65:104:160,限制性,bersifat membatasi,制限的
223,آتزر,ar,verb,/aːtazir/,ɶɶy,wear,19:55:56:57:61:66:74:124:125:209:217,156:158:182:187:213:220:238:242:244:247:251:292:302,2:6:15:36:39:58:60:81:85:98:188,穿,memakai,着る
224,可比,zh-cn,verb,/kʰɤ˨˩˦ pi˨˩˦/,oy,comparable,37:42:46:84:96:136:203:248:289:295,174:202:240:261:283,43:45:64:93:106:130:141:286,可比,sebanding,匹敵します
225,abría,es,verb,/aˈβɾia/,ɶyɶ,opened,33:62:300,155:159:190:219:221:233:234:279:306:311,3:8:16:27:31:49:50:67:133:148:197:214,打开,dibuka,開く
226,arcaș,ro,noun,/arkaʃ/,ɶɶ,archer,38:83:94:95:127:135:138:140:145:147:149,157:161:167:172:175:179:287:294:305,53:69:77:114:137:144:171:285,射手,pemanah,射手
227,abur,ro,noun,/abur/,ɶu,steam,21:63:99:118:121:122:131:139:142:143:239,164:193:200:241:269:281:290:293:299,47:54:70:76:120:123:146:264,蒸汽,uap,蒸気
228,adidaya,id,noun,/adidaja/,ɶyɶɶ,superb,13:51:80:186:309,151:168:212:278:301:303,17:18:102:110:112:189:245:280,高超,adidaya,見事
229,Bigamie,de,noun,/ˌbiɡaˈmiː/,yɶy,bigamy,24:52:87:100:103:231:237:246:256:274,154:169:178:195:210:215:236:249:252:257:273:304,10:14:91:108:109:119:132:180:216:254:268,重婚,bigami,重婚
230,almanacka,sv,noun,/²'alːmanakːa/,ɶbɶɶɶ,calendar,0:1:23:28:35:79:90:92:192:263:291,162:173:181:194:204:232:235:276:297,5:11:26:30:41:65:104:160:222,日历,kalender,カレンダー
231,bivaki,eo,verb,/bivaki/,yɶy,bivaki,24:52:100:237:246:274,154:169:178:195:210:215:229:236:249:252:257:266:273,10:14:91:108:109:119:132:180:216:254,毕凯基,Bivaki.,微笑み
232,abattage,fr,noun,/abataʒ/,ɶɶɶ,slaughter,0:1:23:28:35:79:90:92:192:291,162:173:181:194:204:230:235:276:297,5:11:26:30:41:65:104:160:222,屠宰,pembantaian,虐殺
233,哈密瓜,zh-cn,noun,/xa˥˥ mi˥˩ kwa˥˥/,ɶyɶ,cantaloupe,33:62:225:300,155:159:190:219:221:234:279:306:311,3:8:16:27:31:49:50:67:133:148:197:214,哈密瓜,blewah,マスクメロン
234,analiza,ro,noun,/analiza/,ɶɶyɶ,analyze,33:62:225:300,155:159:190:219:221:233:279:306:311,3:8:16:27:31:49:50:67:133:148:197:214,分析,menganalisa,分析
235,diafana,eo,noun,/diafana/,yɶɶɶ,diafana,0:1:23:28:35:79:90:92:192:263:291,162:173:181:194:204:230:232:276,26:30:41:160:222,糖果糖,Diafana.,ディアファナ
236,기나피,ko,noun,/kina̠pʰi/,yɶy,cinchona bark,52:87:100:103:231:237:246:256,154:169:178:195:210:215:229:249:252:257:266:273:304,10:14:91:108:109:119:132:180:216:254:268,金鸡纳树皮,Cinchona Bark,シンコナ樹皮
237,hí ha hí hoáy,vi,verb,/hi˩˧ ha˧˥ hi˩˧ hwăj˩˧/,yɶy,hit ha,24:52:87:100:103:231:246:256:274,154:169:178:195:210:229:236:249:252:257:266:273:304,10:14:91:108:109:119:132:180:216:254:268,点击哈哈,hit ha.,ヒットハエ
238,bidadari,id,noun,/bidadari/,yɶɶy,angel,125:209:217:223,156:158:182:187:213:220:242:244:247:251:302,2:6:36:39:58:60:81:85:98:188,天使,bidadari,天使
239,删除,zh-cn,verb,/ʂan˥˥ ʈʂʰu˧˥/,ɶu,delete,21:63:99:118:121:122:131:139:142:143,164:193:200:211:227:241:290:293:296:308,47:54:70:76:120:123:146:207:264:267,删除,menghapus,削除する
240,고니,ko,noun,/ko̞ni/,oy,swan,84:136:203:206:224:248:289:295,174:202:261:283,43:93:286,天鹅,angsa,白鳥
241,가구,ko,noun,/ka̠ɡu/,ɶu,furniture,21:63:99:118:142:143:239,164:193:200:211:227:269:281:290:296:299:308,47:54:70:76:120:123:146:207:264:267,家具,mebel,家具
242,Euthanasie,de,noun,/ɔɪ̯tanaˈziː/,ɔʏɶɶy,euthanasia,19:55:56:57:61:66:74:124:125:209:217:223,156:158:182:187:213:220:238:244:247:251:292:302,2:6:15:36:39:58:60:81:85:98:188,安乐死,eutanasia.,安楽死
243,asusila,id,adjective,/asusila/,ɶuyɶ,immoral,29:88:101:117:191:270:272:277,177:196:199:218:250:253:284,25:75:310,不道德,asusila,不道徳な
244,cantaragiu,ro,noun,/kantaradʒiw/,ɶmɶɶy,weigher,19:55:56:57:61:66:74:124:125:209:217:223,156:158:187:213:220:238:242:247:251:292:302,2:6:15:36:39:58:60:81:85:98:188,秤,timbangan,めったに
245,bizara,eo,adjective,/bizara/,yɶɶ,bizarre,13:51:80:86:97:186:309,151:152:165:212:228:278,112:189:280,奇异,aneh,奇妙な
246,equivalí,es,verb,/ekiβaˈli/,øyɶy,equivalent,24:52:87:100:103:231:237:256:274,154:169:178:195:210:215:229:236:249:252:257:266:273:304,10:14:91:108:109:119:132:180:216:254:268,相等的,setara,同等のもの
247,afasi,sv,noun,/afas'iː/,ɶɶy,aphasia,19:55:56:57:61:66:74:124:125:209:217:223,156:158:182:187:213:220:238:242:244:251:292:302,2:6:15:36:39:58:60:81:85:98:188,失语症,Aphasia.,失礼
248,cocí,es,verb,/koˈθi/,oy,cook,37:42:46:84:96:136:203:206:224:289:295,174:202:240:261:283,43:45:64:93:106:130:141:286,厨师,memasak,クック
249,asociatii,ro,noun,/asotʃiatij/,ɶoyɶy,associations,24:52:87:100:103:231:237:246:256:274,154:169:178:210:215:229:236:252:266:273:304,10:14:91:108:109:119:132:180:216:254:268,协会,asosiasi,協会
250,flugila,eo,noun,/flugila/,buyɶ,wing,29:101:117:191:270:272:277,177:196:199:218:253:258:284,44:150:243:310,翅膀,sayap,羽
251,elbalai,eo,noun,/elbalai/,øbɶɶy,elbalai,19:55:56:57:61:66:74:124:125:209:223,156:158:182:187:213:220:238:242:244:247:292,2:6:15:36:39:58:60:81:85:98,埃尔巴莱,Elbalai.,エルバライ
252,２割,ja,noun,/niɰᵝaɾi/,yɶy,20%,24:52:87:100:103:231:237:246:256:274,154:195:210:215:229:236:249:257:266:273:304,108:109:180:216:254:268,20%,20%,２割
253,formulierbar,de,,/fɔɾmuliːɾˈbaɽ/,ɔuyɶ,formatible,29:88:101:117:191:270:272:277,177:196:199:218:250:258:284,25:44:75:150:243,格式,memformat,フォーマット可能
254,bigamie,fr,adjective,/bigami/,yɶy,bigamy,24:52:87:100:103:231:237:246:256:274,154:169:178:195:210:215:229:236:249:252:257:266:273:304,10:14:91:108:109:119:132:180:216:268,重婚,bigami,重婚
255,banan,ro,noun,/banan/,ɶɶm,banana tree,4:12:32:34:59:71:73:105:129:134:265:282,153:166:170:176:183:185:198:205:208:260,9:20:22:48:72:89:115:116:126,香蕉树,pohon pisang,バナナの木
256,imagi,eo,verb,/imagi/,yɶy,imagine,24:52:100:237:246:274,154:169:178:195:210:215:229:236:249:252:257:266:273,10:14:91:108:109:119:132:180:216:254,想象,membayangkan,想像する
257,chiriașii,ro,noun,/kʲ̩irijaʃij/,yyyɶy,renters,24:52:87:100:103:231:237:246:256:274,154:169:178:210:215:229:236:252:266:273:304,10:14:91:108:109:119:132:180:216:254:268,租借者,Penyewa.,賃借人
258,budinya,id,noun,/budiɲa/,uyɶ,his beli,29:88:101:117:191:270:272:277,177:196:199:218:250:253:284,25:75:310,他的beli,budinya,彼のベリ
259,고로,ko,noun,/ko̞ɾo̞/,oo,blast furnace,7:78:107:113:184,163:262:275:307,68:82:201,高炉,tanur tinggi,溶鉱炉
260,Fasan,de,noun,/faˈzaːn/,ɶɶm,pheasant,4:12:32:34:59:71:73:105:129:134:265:282,153:166:170:176:183:185:198:208:255,9:20:22:48:72:89:115:116:126,野鸡,pegar,キジ
261,dodii,ro,noun,/dodij/,oy,tongues,37:42:46:84:96:136:203:206:224:248:289:295,174:202:240:283,43:45:64:93:106:130:141,舌头,Lidah,舌
262,Foto,de,noun,/foːto/,oo,photo,7:78:107:113:184,163:259:307,40:68:82:111:128:201,照片,foto,写真
263,contre-attaqua,fr,verb,/kɔ̃tʁataka/,ɔbɶɶɶ,counter-attacked,0:1:23:28:35:79:90:92:192:291,162:173:181:194:204:230:235:276:297,5:11:26:30:41:65:104:160:222,反击,serangan balik.,攻撃した
264,tabú,es,adjective,/taˈβu/,ɶu,taboo,21:63:99:118:121:122:131:139:142:143:239,164:193:200:211:227:241:269:281:290:293:296:299:308,47:54:70:76:120:123:146:207:267,忌讳,tabu,タブー
265,发展,zh-cn,verb,/fa˥˥ ʈʂan˨˩˦/,ɶɶm,development of,4:12:32:34:59:73:105:129:134:282,153:166:176:185:198:205:208:255:260,9:20:22:48:72:89:115:116:126,发展,perkembangan dari,開発
266,Kalligraphie,de,noun,/ˌkaliɡʀaˑˈfiː/,ɶyɶy,calligraphy,24:52:87:100:103:231:237:246:256:274,154:169:178:195:210:215:236:249:252:257:273:304,10:14:91:108:109:119:132:180:216:254:268,书法,kaligrafi,書道
267,baniu,ro,adjective,/banju/,ɶu,money,21:63:99:118:121:122:131:139:142:143:239,164:193:200:241:269:281:290:293:299,47:54:70:76:120:123:146:264,钱,uang,お金
268,duplikati,eo,adjective,/duplikati/,ubyɶy,duplicate,24:52:100:237:246:274,154:169:178:195:210:215:229:236:249:252:257:266:273,10:14:91:108:109:119:132:180:216:254,复制,duplikat,重複して
269,蜡烛,zh-cn,noun,/la˥˩ ʈʂu˧˥/,ɶu,candle,21:63:99:118:121:122:131:139:142:143,164:193:200:211:227:241:290:293:296:308,47:54:70:76:120:123:146:207:264:267,蜡烛,lilin,キャンドル
270,aburría,es,verb,/aβuˈria/,ɶuyɶ,bore,29:88:101:117:191:272:277,177:196:199:218:250:253:258:284,25:44:75:150:243:310,毛孔,membosankan,退屈させる
271,amar,ro,adjective,/amar/,ɶɶ,bitter,38:83:94:95:127:135:138:140:145:147:149,157:161:167:172:175:179:287:294:305,53:69:77:114:137:144:171:285,苦的,pahit,苦い
272,áfrýja,is,verb,/auːfrija/,ɶuyɶ,appeal,29:88:101:117:191:270:277,177:196:199:218:250:253:258:284,25:44:75:150:243:310,上诉,menarik,アピール
273,adipati,id,noun,/adipati/,ɶyɶy,duke,24:87:103:231:237:246:256:274,169:178:195:210:215:229:236:249:252:257:266:304,10:14:91:119:132:180:216:254:268,公爵,adipati,公爵
274,쉬파리,ko,verb,/ʃʰɥipʰa̠ɾi/,yɶy,flesh fly,52:87:100:103:231:237:246:256,154:169:178:195:210:215:229:249:252:257:266:273:304,10:14:91:108:109:119:132:180:216:254:268,肉蝇,Daging terbang,肉のフライ
275,Rotor,de,noun,/ˈɾoːtoɾ/,oo,rotor,7:78:107:113:184,163:259:307,40:68:82:111:128:201,转子,rotor,ローター
276,amenajarea,ro,noun,/amenaʒarĕa/,ɶøɶɶɶ,fittings,0:1:23:28:35:79:90:92:192:263:291,162:173:204:230:232:235:297,5:11:26:30:41:65:104:160:222,配件,perlengkapan,継手
277,aboutira,fr,verb,/abutiʁa/,ɶuyɶ,end up at,29:88:101:117:191:270:272,177:196:199:218:250:253:258:284,25:44:75:150:243:310,最终,berakhir di,に終わる
278,bílanna,is,noun,/piːlana/,yɶɶ,the cars,13:51:80:86:97:309,151:152:165:168:212:228:301:303,17:18:102:110:112:189:245:280,汽车,mobil-mobil,車
279,actualisa,fr,noun,/aktɥaliza/,ɶbɶyɶ,update,33:62:225:300,155:159:190:219:221:233:234:306:311,3:8:16:27:31:49:50:67:133:148:197:214,更新,memperbarui,更新
280,إبيض,ar,adjective,/ibjadˤˤa/,yɶɶ,white,13:51:80:86:97:186:309,151:152:165:168:212:228:278:301:303,17:18:102:110:112:189:245,白色的,putih,白い
281,下午,zh-cn,noun,/ɕja˥˩ u˨˩˦/,ɶu,in the afternoon,21:63:99:118:121:122:131:139:142:143,164:193:200:211:227:241:290:293:296:308,47:54:70:76:120:123:146:207:264:267,下午,saat sore hari,午後に
282,bayam,id,verb,/bajam/,ɶɶm,spinach,32:59:71:134:265,153:166:170:183:185:198:205:208:255:260,22:115:116,菠菜,bayam,ほうれん草
283,ソーリー,ja,noun,/soːɾiː/,oy,sorry,37:42:46:84:96:136:203:206:224:248:289:295,174:240:261,43:45:64:93:106:130:141:286,对不起,Maaf,ソーリー
284,ohyra,sv,noun,/²'uːhyːra/,uyɶ,vermin,29:88:101:117:191:270:272:277,177:196:199:218:250:253:258,25:44:75:150:243:310,害虫,Hermin,害虫
285,saĝa,eo,adjective,/sad͡ʒa/,ɶɶ,wise,38:83:94:95:127:135:138:140:145:147:149,157:161:167:172:175:179:226:287:288:294:298:305,53:77:114:137:144:171:271,明智的,bijaksana,賢い
286,moși,ro,adjective,/moʃi/,oy,dawdle,37:42:46:84:96:136:203:206:224:248:289:295,174:202:240:283,43:45:64:93:106:130:141,混日子,membuang waktu,デマル
287,大厦,zh-cn,noun,/ta˥˩ ʂa˥˩/,ɶɶ,building,38:83:94:95:127:135:138:140:145:147:149,157:161:167:172:175:179:226:288:298:305,53:69:77:114:137:144:171:271:285,大厦,bangunan,建物
288,baba,ro,noun,/baba/,ɶɶ,crone,38:83:94:95:127:135:138:140:145:147:149,157:161:167:172:175:179:287:294:305,53:69:77:114:137:144:171:285,克森,nenek yg tua sekali,クローン
289,boli,eo,verb,/boli/,oy,boil,37:42:46:96:206:224:248,202:240:261:283,43:45:64:106:130:141:286,熬,mendidih,ゆるんでも
290,Akku,de,noun,/ˈʔaku/,ɶu,battery pack,21:63:99:118:121:122:131:139:142:143:239,164:193:200:211:227:241:269:281:293:296:299:308,47:54:70:76:120:123:146:207:264:267,电池组,baterai,バッテリーパック
291,abarca,es,verb,/aβaɾka/,ɶɶɶ,encompass,0:1:23:28:35:79:90:92:192:263,162:173:181:194:204:230:232:235:276:297,5:11:26:30:41:65:104:160:222,包覆,mencakup,包む
292,aklamasi,id,noun,/aʔlamasi/,ɶbɶɶy,acclamation,125:209:217:223,156:158:182:187:213:220:242:244:247:251:302,2:6:36:39:58:60:81:85:98:188,鼓掌,aklamasi,賛否
293,난류,ko,noun,/na̠ɭʎju/,ɶu,turbulence,21:63:99:118:142:143:239,164:193:200:211:227:269:281:290:296:299:308,47:54:70:76:120:123:146:207:264:267,湍流,pergolakan,乱流
294,亚麻,zh-cn,noun,/ja˥˩ ma˧˥/,ɶɶ,flax,38:83:94:95:127:135:138:140:145:147:149,157:161:167:172:175:179:226:288:298:305,53:69:77:114:137:144:171:271:285,亚麻,lenan,亜麻
295,fosi,eo,verb,/fosi/,oy,dig,37:42:46:96:206:224:248,202:240:261:283,43:45:64:106:130:141:286,挖,menggali,掘る
296,bariu,ro,noun,/barju/,ɶu,barium,21:63:99:118:121:122:131:139:142:143:239,164:193:200:241:269:281:290:293:299,47:54:70:76:120:123:146:264,钡,barium,バリウム
297,bravaĉa,eo,noun,/bravat͡ʃa/,ɶɶɶ,bravic,0:1:23:28:35:79:90:92:192:263:291,162:173:181:194:204:230:232:276,26:30:41:160:222,勇敢,bravise,ブラバイク
298,caia,ro,noun,/kaja/,ɶɶ,hobnail,38:83:94:95:127:135:138:140:145:147:149,157:161:167:172:175:179:287:294:305,53:69:77:114:137:144:171:285,霍布尔,paku sepatu,趣味
299,大陆,zh-cn,noun,/ta˥˩ lu˥˩/,ɶu,mainland,21:63:99:118:121:122:131:139:142:143,164:193:200:211:227:241:290:293:296:308,47:54:70:76:120:123:146:207:264:267,大陆,daratan,本土
300,andæfa,is,verb,/antaiva/,ɶmɶyɶ,oppose,33:62:225,155:159:190:219:221:233:234:279:306:311,3:8:16:27:31:49:50:67:133:148:214,反对,menentang,反対する
301,delikata,eo,noun,/delikata/,øyɶɶ,delicate,13:51:80:86:97:186:309,151:152:165:212:228:278,112:189:280,精美的,halus,繊細
302,akapari,eo,noun,/akapari/,ɶɶɶy,oappropriate,19:55:56:57:61:66:74:124:125:209:223,156:158:182:187:213:220:238:242:244:247:292,2:6:15:36:39:58:60:81:85:98,合适的,sesuai,適切な
303,bizara,eo,noun,/bizara/,yɶɶ,bizarre,13:51:80:86:97:186:309,151:152:165:212:228:278,112:189:280,奇异,aneh,奇妙な
304,bivaki,eo,noun,/bivaki/,yɶy,bivaki,24:52:100:237:246:274,154:169:178:195:210:215:229:236:249:252:257:266:273,10:14:91:108:109:119:132:180:216:254,毕凯基,Bivaki.,微笑み
305,あな,ja,noun,/ana/,ɶɶ,hole,38:83:94:95:127:135:138:140:145:147:149,157:161:179:226:287:288:294:298,53:69:77:114:137:144:171:271:285,孔,lubang,あな
306,apartiga,eo,noun,/apartiga/,ɶɶyɶ,separation,33:62:225:300,159:219:221:233:234:279:311,16:27:197:214,分离,pemisahan,分離
307,mochó,es,noun,/moˈtʃo/,oo,mocked,7:78:107:113:184,163:259:262:275,40:68:82:111:128:201,嘲笑,mengejek.,嘲笑
308,macru,ro,noun,/makru/,ɶu,macro,21:63:99:118:121:122:131:139:142:143:239,164:193:200:241:269:281:290:293:299,47:54:70:76:120:123:146:264,古迹,Makrure.,大きさ
309,activarea,ro,verb,/aktivarĕa/,ɶbyɶɶ,enabled,13:51:80:86:97:186,151:152:165:168:212:228:278:301:303,17:18:102:110:112:189:245:280,启用,diaktifkan,有効
310,diskutierbar,de,adjective,/dɪskutiːɾˈbaɽ/,ʏbuyɶ,discussable,29:88:101:117:191:270:272:277,177:196:199:218:250:258:284,25:44:75:150:243,讨论,dapat didiskusikan,議論する
311,가리다,ko,noun,/ka̠ɾida̠/,ɶyɶ,blind,62:225:300,155:190:219:221:233:234:279:306,3:8:16:27:31:49:50:67:133:148:197,瞎的,buta,ブラインド